transaction_id,visit_id,user_id,order_id,purchase_date,payment_method,Total_amount,discount_code_used,discount_value,shipping_cost,total_payable
TX1000,V1018,U1002,ORD1000,13-03-2025 16:48,credit_card,476.48,Yes,23.07,14.02,439.39
TX1001,V1021,U1002,ORD1001,26-04-2025 22:00,COD,502.36,No,0,22.91,479.45
TX1002,V1023,U1002,ORD1002,05-07-2025 10:06,paypal,814.38,No,0,19.04,795.34
TX1003,V1027,U1002,ORD1003,18-04-2025 18:53,COD,40.44,Yes,11.34,1.65,27.45
TX1004,V1033,U1003,ORD1004,16-03-2025 20:39,COD,219.19,Yes,9.49,24.03,185.67
TX1005,V1034,U1003,ORD1005,23-04-2025 22:47,credit_card,153.88,No,0,19.44,134.44
TX1006,V1037,U1003,ORD1006,04-01-2025 05:03,paypal,265.66,Yes,40.84,12.88,211.94
TX1007,V1045,U1005,ORD1007,14-03-2025 12:56,COD,463.22,No,0,4.54,458.68
TX1008,V1048,U1005,ORD1008,13-04-2025 00:26,COD,638.43,Yes,115.61,4.91,517.91
TX1009,V1049,U1005,ORD1009,30-03-2025 21:44,paypal,83.7,Yes,19.67,10.56,53.47
TX1010,V1050,U1005,ORD1010,05-08-2025 15:12,COD,391.34,No,0,7.73,383.61
TX1011,V1056,U1007,ORD1011,21-05-2025 10:11,COD,174.13,No,0,6.08,168.05
TX1012,V1057,U1007,ORD1012,29-05-2025 21:52,credit_card,565.41,Yes,71.63,10.36,483.42
TX1013,V1058,U1007,ORD1013,24-04-2025 07:07,COD,308.11,Yes,31.08,15.9,261.13
TX1014,V1059,U1007,ORD1014,03-08-2025 18:29,credit_card,324.54,No,0,7.79,316.75
TX1015,V1060,U1007,ORD1015,16-03-2025 04:14,credit_card,161.31,Yes,20.62,5.73,134.96
TX1016,V1061,U1007,ORD1016,31-03-2025 06:58,paypal,39.06,Yes,8.06,0.43,30.57
TX1017,V1062,U1007,ORD1017,26-03-2025 23:38,credit_card,465.18,No,0,22.72,442.46
TX1018,V1076,U1009,ORD1018,05-08-2025 02:01,paypal,403.26,No,0,22.2,381.06
TX1019,V1078,U1009,ORD1019,17-03-2025 19:09,credit_card,144.6,Yes,35.4,11.87,97.33
TX1020,V1080,U1009,ORD1020,04-11-2025 14:54,COD,1327.21,Yes,37.72,23.37,1266.12
TX1021,V1081,U1009,ORD1021,04-03-2025 03:22,credit_card,262.09,No,0,5.44,256.65
TX1022,V1088,U1010,ORD1022,17-04-2025 08:59,COD,379.51,No,0,15.41,364.1
TX1023,V1089,U1010,ORD1023,03-12-2025 05:06,paypal,1167.9,Yes,220.67,22.68,924.55
TX1024,V1090,U1010,ORD1024,26-04-2025 16:33,credit_card,600.67,No,0,5.44,595.23
TX1025,V1189,U1023,ORD1025,04-01-2025 01:58,credit_card,94.58,No,0,17.61,76.97
TX1026,V1190,U1023,ORD1026,05-11-2025 15:51,wallet,425.05,Yes,86.02,17.28,321.75
TX1027,V1197,U1023,ORD1027,04-11-2025 22:33,paypal,136.01,No,0,6.66,129.35
TX1028,V1207,U1025,ORD1028,03-05-2025 06:57,paypal,53.18,No,0,21.05,32.13
TX1029,V1211,U1025,ORD1029,22-03-2025 23:29,COD,51.84,Yes,8.13,5.64,38.07
TX1030,V1213,U1025,ORD1030,05-11-2025 12:42,wallet,284.2,No,0,12.07,272.13
TX1031,V1214,U1025,ORD1031,13-04-2025 20:21,wallet,165.2,No,0,5.12,160.08
TX1032,V1234,U1030,ORD1032,30-04-2025 05:22,COD,213.49,No,0,8.34,205.15
TX1033,V1238,U1031,ORD1033,04-12-2025 16:07,wallet,249.53,Yes,10.16,10.58,228.79
TX1034,V1240,U1031,ORD1034,27-04-2025 05:13,wallet,282.19,No,0,21.48,260.71
TX1035,V1241,U1031,ORD1035,13-03-2025 01:12,credit_card,314.36,Yes,75.92,18.93,219.51
TX1036,V1246,U1033,ORD1036,05-04-2025 03:12,COD,264.28,Yes,5.46,3.78,255.04
TX1037,V1248,U1033,ORD1037,17-03-2025 15:23,paypal,590.1,Yes,82.84,22.51,484.75
TX1038,V1249,U1033,ORD1038,30-04-2025 19:53,COD,181.74,Yes,15.94,6.23,159.57
TX1039,V1250,U1033,ORD1039,18-05-2025 12:39,credit_card,160.25,Yes,5.3,3.11,151.84
TX1040,V1251,U1033,ORD1040,05-01-2025 03:07,wallet,303.08,No,0,3.18,299.9
TX1041,V1287,U1039,ORD1041,05-04-2025 05:41,wallet,115.58,No,0,19.51,96.07
TX1042,V1290,U1039,ORD1042,28-03-2025 11:11,wallet,75.37,No,0,17.09,58.28
TX1043,V1292,U1039,ORD1043,05-04-2025 21:08,wallet,197.75,No,0,8.87,188.88
TX1044,V1333,U1044,ORD1044,27-04-2025 12:57,paypal,108.33,Yes,15.81,13.03,79.49
TX1045,V1371,U1049,ORD1045,25-04-2025 11:18,paypal,174.17,No,0,15.52,158.65
TX1046,V1372,U1049,ORD1046,23-03-2025 18:03,COD,505.72,Yes,67.05,20.93,417.74
TX1047,V1374,U1049,ORD1047,05-07-2025 19:42,wallet,492.9,Yes,99.56,2.46,390.88
TX1048,V1375,U1049,ORD1048,04-06-2025 14:08,COD,234.03,No,0,19.04,214.99
TX1049,V1376,U1049,ORD1049,05-06-2025 22:29,wallet,218.84,Yes,10.28,23.9,184.66
TX1050,V1407,U1054,ORD1050,22-04-2025 22:52,wallet,471.51,No,0,20.44,451.07
TX1051,V1408,U1054,ORD1051,25-05-2025 06:43,COD,292.95,No,0,10.84,282.11
TX1052,V1410,U1054,ORD1052,21-04-2025 11:12,COD,231.48,No,0,5.01,226.47
TX1053,V1412,U1054,ORD1053,22-05-2025 03:04,wallet,630.24,No,0,20.36,609.88
TX1054,V1413,U1054,ORD1054,03-05-2025 04:50,COD,1692.87,Yes,230.98,8.98,1452.91
TX1055,V1416,U1054,ORD1055,05-12-2025 00:04,COD,122.52,Yes,14.19,20.08,88.25
TX1056,V1418,U1055,ORD1056,21-04-2025 15:39,credit_card,1880.26,No,0,17.59,1862.67
TX1057,V1419,U1055,ORD1057,05-01-2025 11:31,wallet,114.62,Yes,15.1,10.8,88.72
TX1058,V1420,U1055,ORD1058,19-03-2025 17:23,wallet,156.02,No,0,11.02,145
TX1059,V1421,U1055,ORD1059,13-04-2025 05:14,paypal,767.08,No,0,8.14,758.94
TX1060,V1422,U1055,ORD1060,26-05-2025 11:47,wallet,495.78,No,0,8.69,487.09
TX1061,V1423,U1055,ORD1061,16-05-2025 21:47,credit_card,175.74,Yes,40.17,8.11,127.46
TX1062,V1438,U1059,ORD1062,04-09-2025 15:54,wallet,78.99,Yes,14.36,5.29,59.34
TX1063,V1440,U1059,ORD1063,03-04-2025 14:02,COD,734.38,Yes,77.84,19.47,637.07
TX1064,V1446,U1060,ORD1064,04-01-2025 19:08,wallet,130.94,No,0,17.59,113.35
TX1065,V1448,U1060,ORD1065,05-09-2025 15:50,credit_card,222.42,Yes,15.53,19.29,187.6
TX1066,V1465,U1063,ORD1066,18-03-2025 05:46,COD,179.38,No,0,8.55,170.83
TX1067,V1468,U1063,ORD1067,03-07-2025 23:33,paypal,197.58,No,0,12.95,184.63
TX1068,V1470,U1063,ORD1068,05-11-2025 04:24,COD,527.37,Yes,14.61,14.29,498.47
TX1069,V1475,U1065,ORD1069,03-03-2025 00:13,credit_card,268.84,Yes,55.56,13.85,199.43
TX1070,V1476,U1065,ORD1070,16-05-2025 04:30,paypal,391.2,Yes,36.06,3.08,352.06
TX1071,V1477,U1065,ORD1071,03-03-2025 05:26,credit_card,7.84,Yes,2.16,21,-15.32
TX1072,V1487,U1066,ORD1072,30-04-2025 01:56,wallet,945.36,No,0,11.65,933.71
TX1073,V1488,U1066,ORD1073,03-02-2025 20:18,COD,20.72,No,0,8.99,11.73
TX1074,V1490,U1067,ORD1074,28-03-2025 11:03,COD,826.57,Yes,108.54,24.08,693.95
TX1075,V1492,U1067,ORD1075,20-05-2025 06:01,credit_card,869.29,Yes,6.24,8.44,854.61
TX1076,V1511,U1070,ORD1076,13-05-2025 04:04,credit_card,386.04,Yes,43.31,1.36,341.37
TX1077,V1513,U1070,ORD1077,03-05-2025 21:30,COD,191.98,Yes,53.98,21.41,116.59
TX1078,V1521,U1072,ORD1078,16-04-2025 17:04,credit_card,603.33,No,0,5.4,597.93
TX1079,V1522,U1072,ORD1079,13-03-2025 00:20,COD,636.24,No,0,4.02,632.22
TX1080,V1542,U1076,ORD1080,18-04-2025 16:41,paypal,172.38,No,0,23.52,148.86
TX1081,V1543,U1076,ORD1081,05-11-2025 05:07,credit_card,147.74,Yes,15.36,5.98,126.4
TX1082,V1544,U1076,ORD1082,19-04-2025 05:49,credit_card,447.66,No,0,9.75,437.91
TX1083,V1546,U1076,ORD1083,27-05-2025 16:05,wallet,374,No,0,15.83,358.17
TX1084,V1549,U1076,ORD1084,03-01-2025 08:41,paypal,100.85,No,0,8.55,92.3
TX1085,V1551,U1076,ORD1085,05-02-2025 13:25,wallet,30.72,No,0,3.89,26.83
TX1086,V1554,U1077,ORD1086,18-05-2025 02:07,COD,30.12,Yes,4.21,7.08,18.83
TX1087,V1555,U1077,ORD1087,04-10-2025 23:09,paypal,97.68,Yes,25.73,13.1,58.85
TX1088,V1557,U1078,ORD1088,04-04-2025 13:44,wallet,322.82,No,0,1.82,321
TX1089,V1559,U1078,ORD1089,23-03-2025 06:46,wallet,1641.72,No,0,24.06,1617.66
TX1090,V1577,U1081,ORD1090,17-05-2025 21:44,paypal,246,No,0,19.77,226.23
TX1091,V1578,U1081,ORD1091,05-03-2025 20:28,wallet,528.57,No,0,2.4,526.17
TX1092,V1579,U1081,ORD1092,16-04-2025 18:57,COD,258.28,Yes,58.9,19.67,179.71
TX1093,V1582,U1081,ORD1093,22-04-2025 17:13,credit_card,55.05,No,0,8.96,46.09
TX1094,V1583,U1081,ORD1094,04-02-2025 22:51,COD,1066.48,No,0,2.02,1064.46
TX1095,V1584,U1082,ORD1095,16-05-2025 23:49,COD,339.29,No,0,2.45,336.84
TX1096,V1586,U1082,ORD1096,13-05-2025 02:20,COD,302.73,No,0,1.14,301.59
TX1097,V1588,U1082,ORD1097,31-03-2025 05:31,paypal,191.58,Yes,47.98,14.97,128.63
TX1098,V1589,U1082,ORD1098,05-10-2025 23:17,COD,1308.12,No,0,6.31,1301.81
TX1099,V1591,U1082,ORD1099,23-04-2025 23:42,credit_card,404.34,No,0,17.02,387.32
TX1100,V1594,U1082,ORD1100,18-05-2025 06:03,COD,3.09,No,0,0.5,2.59
TX1101,V1609,U1086,ORD1101,03-04-2025 16:41,COD,439.88,Yes,14.99,15.04,409.85
TX1102,V1611,U1086,ORD1102,18-04-2025 21:13,wallet,56.95,No,0,8.01,48.94
TX1103,V1612,U1086,ORD1103,25-03-2025 23:44,wallet,47.81,Yes,6.51,15.09,26.21
TX1104,V1613,U1086,ORD1104,14-04-2025 06:01,credit_card,75.05,No,0,15.73,59.32
TX1105,V1614,U1086,ORD1105,30-03-2025 11:10,paypal,979.76,No,0,17.42,962.34
TX1106,V1625,U1088,ORD1106,04-04-2025 02:31,COD,124.4,Yes,19.97,12.83,91.6
TX1107,V1626,U1088,ORD1107,17-04-2025 14:34,paypal,236.44,No,0,21.24,215.2
TX1108,V1627,U1088,ORD1108,25-05-2025 07:17,wallet,52.49,Yes,0.56,4.14,47.79
TX1109,V1628,U1088,ORD1109,31-03-2025 11:11,COD,413.6,No,0,7.15,406.45
TX1110,V1629,U1088,ORD1110,04-02-2025 13:45,credit_card,365.94,Yes,26.5,3.62,335.82
TX1111,V1685,U1096,ORD1111,19-05-2025 11:46,paypal,226.98,No,0,21.09,205.89
TX1112,V1686,U1096,ORD1112,05-10-2025 07:10,COD,737.25,No,0,10.18,727.07
TX1113,V1687,U1096,ORD1113,05-06-2025 07:14,paypal,304.91,Yes,7.46,19.71,277.74
TX1114,V1690,U1096,ORD1114,15-05-2025 11:14,COD,446.62,Yes,18.44,5.8,422.38
TX1115,V1693,U1097,ORD1115,18-05-2025 21:36,COD,871.83,Yes,255.75,10.9,605.18
TX1116,V1697,U1097,ORD1116,05-04-2025 09:36,COD,734.93,No,0,2.22,732.71
TX1117,V1699,U1097,ORD1117,16-04-2025 10:27,credit_card,546.78,No,0,13.82,532.96
TX1118,V1700,U1097,ORD1118,23-03-2025 13:28,credit_card,590.26,Yes,12.65,21.67,555.94
TX1119,V1701,U1097,ORD1119,25-05-2025 01:29,COD,690.48,Yes,35.8,4.31,650.37
TX1120,V1705,U1097,ORD1120,05-08-2025 10:13,credit_card,2801.04,No,0,11.64,2789.4
TX1121,V1720,U1101,ORD1121,18-05-2025 20:34,wallet,403.52,Yes,6.28,13.03,384.21
TX1122,V1721,U1101,ORD1122,04-02-2025 15:19,paypal,992.58,No,0,20.48,972.1
TX1123,V1722,U1101,ORD1123,05-04-2025 00:19,credit_card,169.58,No,0,13.19,156.39
TX1124,V1724,U1101,ORD1124,22-04-2025 10:23,COD,363.78,Yes,77.79,19.04,266.95
TX1125,V1726,U1101,ORD1125,04-10-2025 08:23,credit_card,129.04,Yes,9.74,9.91,109.39
TX1126,V1727,U1101,ORD1126,05-01-2025 08:44,wallet,191.94,No,0,11.77,180.17
TX1127,V1766,U1107,ORD1127,14-04-2025 12:57,credit_card,1032.72,No,0,23.69,1009.03
TX1128,V1768,U1107,ORD1128,25-05-2025 14:32,credit_card,422.7,No,0,8.73,413.97
TX1129,V1770,U1107,ORD1129,17-05-2025 05:57,wallet,340.08,No,0,4.01,336.07
TX1130,V1771,U1107,ORD1130,05-06-2025 11:29,credit_card,447.94,Yes,70.73,23,354.21
TX1131,V1772,U1107,ORD1131,29-05-2025 13:15,COD,381.16,No,0,0.21,380.95
TX1132,V1773,U1107,ORD1132,06-01-2025 17:36,wallet,1562.88,No,0,9.57,1553.31
TX1133,V1775,U1107,ORD1133,04-04-2025 03:11,credit_card,452.64,Yes,55.93,9.75,386.96
TX1134,V1789,U1109,ORD1134,05-09-2025 03:17,paypal,206.22,No,0,6.4,199.82
TX1135,V1792,U1109,ORD1135,04-08-2025 09:57,COD,953.67,No,0,14.81,938.86
TX1136,V1794,U1109,ORD1136,22-04-2025 23:13,paypal,620.07,Yes,67.73,0.99,551.35
TX1137,V1797,U1110,ORD1137,21-03-2025 01:36,wallet,114.84,No,0,11.94,102.9
TX1138,V1798,U1110,ORD1138,04-09-2025 05:10,wallet,262.42,No,0,10.56,251.86
TX1139,V1801,U1110,ORD1139,16-03-2025 19:28,credit_card,335.92,No,0,14.29,321.63
TX1140,V1803,U1110,ORD1140,14-03-2025 10:33,COD,269.8,Yes,30,7.96,231.84
TX1141,V1856,U1118,ORD1141,05-11-2025 21:54,wallet,183.45,Yes,17.36,14.7,151.39
TX1142,V1857,U1118,ORD1142,04-11-2025 17:02,wallet,55.45,Yes,9.57,24.86,21.02
TX1143,V1858,U1118,ORD1143,17-05-2025 20:59,credit_card,187.63,No,0,5.79,181.84
TX1144,V1867,U1120,ORD1144,18-03-2025 05:58,wallet,139.23,Yes,16.64,20.05,102.54
TX1145,V1870,U1120,ORD1145,05-12-2025 15:13,wallet,464.14,Yes,57.82,22.82,383.5
TX1146,V1990,U1136,ORD1146,16-03-2025 05:14,credit_card,123.62,No,0,5.25,118.37
TX1147,V1991,U1136,ORD1147,15-05-2025 20:13,credit_card,1187.85,Yes,8.24,4.59,1175.02
TX1148,V1993,U1136,ORD1148,05-04-2025 03:05,paypal,380.96,No,0,19.58,361.38
TX1149,V1994,U1136,ORD1149,30-05-2025 06:32,credit_card,1059.08,Yes,27.42,9.15,1022.51
TX1150,V1995,U1136,ORD1150,05-10-2025 16:00,COD,430.98,No,0,16.38,414.6
TX1151,V1997,U1136,ORD1151,03-08-2025 18:54,COD,95.62,Yes,26.59,13.71,55.32
TX1152,V2003,U1137,ORD1152,05-02-2025 05:05,credit_card,346.47,No,0,21.2,325.27
TX1153,V2005,U1137,ORD1153,05-04-2025 19:38,wallet,514.8,Yes,61.88,12.37,440.55
TX1154,V2007,U1137,ORD1154,05-09-2025 00:14,COD,514.45,Yes,14.21,12.88,487.36
TX1155,V2019,U1139,ORD1155,05-08-2025 16:05,paypal,925.04,Yes,11.23,17.19,896.62
TX1156,V2020,U1139,ORD1156,17-05-2025 12:08,paypal,459.89,Yes,120.36,20.35,319.18
TX1157,V2027,U1141,ORD1157,03-11-2025 17:16,credit_card,118.35,No,0,10.09,108.26
TX1158,V2028,U1141,ORD1158,23-04-2025 12:46,COD,160.92,No,0,2,158.92
TX1159,V2029,U1141,ORD1159,04-04-2025 22:24,paypal,188.69,No,0,9.02,179.67
TX1160,V2031,U1141,ORD1160,15-05-2025 11:59,paypal,95.99,Yes,10.03,11.16,74.8
TX1161,V2032,U1141,ORD1161,29-03-2025 14:39,wallet,480.99,Yes,80,23.09,377.9
TX1162,V2034,U1141,ORD1162,25-04-2025 03:01,credit_card,1055.19,Yes,26.98,5.62,1022.59
TX1163,V2123,U1155,ORD1163,16-03-2025 09:25,wallet,703.6,No,0,19.45,684.15
TX1164,V2124,U1155,ORD1164,28-03-2025 03:21,wallet,353.24,No,0,15.65,337.59
TX1165,V2139,U1158,ORD1165,05-01-2025 08:11,credit_card,236.51,Yes,15.99,13.75,206.77
TX1166,V2140,U1158,ORD1166,25-05-2025 07:18,COD,88.54,No,0,20.73,67.81
TX1167,V2142,U1158,ORD1167,24-03-2025 05:57,credit_card,344.77,Yes,37.31,11.18,296.28
TX1168,V2144,U1158,ORD1168,05-04-2025 01:20,COD,548.07,No,0,24.6,523.47
TX1169,V2145,U1158,ORD1169,28-03-2025 21:07,wallet,120.84,Yes,20.88,7.88,92.08
TX1170,V2184,U1165,ORD1170,23-03-2025 14:42,credit_card,110.03,Yes,19.07,14.83,76.13
TX1171,V2185,U1165,ORD1171,30-04-2025 11:04,credit_card,79.04,Yes,9.77,6.13,63.14
TX1172,V2205,U1168,ORD1172,18-03-2025 04:58,credit_card,417.07,No,0,7.43,409.64
TX1173,V2206,U1168,ORD1173,24-04-2025 15:00,credit_card,1403.76,No,0,12.51,1391.25
TX1174,V2208,U1168,ORD1174,04-10-2025 01:19,wallet,319.32,No,0,4.18,315.14
TX1175,V2209,U1168,ORD1175,22-04-2025 05:48,COD,410.3,Yes,29.57,15.3,365.43
TX1176,V2210,U1168,ORD1176,24-05-2025 04:04,wallet,1019.71,Yes,33.72,15.67,970.32
TX1177,V2211,U1168,ORD1177,29-04-2025 06:29,COD,122.95,Yes,33.61,16.93,72.41
TX1178,V2250,U1174,ORD1178,19-03-2025 12:57,credit_card,753.97,Yes,72.46,1.55,679.96
TX1179,V2253,U1174,ORD1179,05-09-2025 23:12,COD,16.48,No,0,9.06,7.42
TX1180,V2254,U1174,ORD1180,03-01-2025 16:10,credit_card,131.39,No,0,22.65,108.74
TX1181,V2256,U1174,ORD1181,04-08-2025 09:50,paypal,1401.39,Yes,13.84,7.97,1379.58
TX1182,V2344,U1184,ORD1182,23-03-2025 13:26,COD,127.85,Yes,31.66,14.71,81.48
TX1183,V2345,U1184,ORD1183,04-07-2025 10:35,paypal,223.92,Yes,4.81,17.02,202.09
TX1184,V2347,U1184,ORD1184,03-06-2025 13:15,paypal,411.68,Yes,7.94,3.81,399.93
TX1185,V2401,U1192,ORD1185,22-04-2025 09:40,COD,618.11,No,0,0.14,617.97
TX1186,V2402,U1192,ORD1186,17-05-2025 09:31,paypal,300,No,0,7.74,292.26
TX1187,V2403,U1192,ORD1187,16-05-2025 11:27,paypal,108.84,Yes,22.17,5.91,80.76
TX1188,V2425,U1196,ORD1188,14-04-2025 16:06,COD,343.57,No,0,13.88,329.69
TX1189,V2426,U1196,ORD1189,04-12-2025 07:26,COD,19,Yes,2.21,24.7,-7.91
TX1190,V2427,U1196,ORD1190,14-04-2025 18:06,credit_card,691.15,No,0,24.19,666.96
TX1191,V2438,U1198,ORD1191,03-09-2025 09:03,credit_card,87.75,No,0,24.84,62.91
TX1192,V2440,U1198,ORD1192,04-06-2025 12:36,credit_card,7.04,Yes,2.09,21.2,-16.25
TX1193,V2442,U1198,ORD1193,05-03-2025 23:31,paypal,390.55,No,0,7.14,383.41
TX1194,V2444,U1199,ORD1194,19-03-2025 19:31,paypal,226.91,Yes,43.83,24.78,158.3
TX1195,V2446,U1199,ORD1195,25-04-2025 09:20,wallet,958.1,Yes,267.73,4.49,685.88
TX1196,V2448,U1199,ORD1196,21-03-2025 05:18,COD,453.8,Yes,1.09,5.11,447.6
TX1197,V2469,U1204,ORD1197,03-05-2025 03:16,wallet,434.04,No,0,16.36,417.68
TX1198,V2489,U1208,ORD1198,27-03-2025 21:22,COD,342.27,No,0,9.4,332.87
TX1199,V2490,U1208,ORD1199,04-11-2025 22:32,COD,544.99,No,0,8.23,536.76
TX1200,V2492,U1208,ORD1200,04-05-2025 23:30,credit_card,400.09,No,0,15.49,384.6
TX1201,V2495,U1208,ORD1201,31-05-2025 22:46,wallet,701.57,Yes,2.86,7.87,690.84
TX1202,V2496,U1208,ORD1202,21-04-2025 15:23,COD,1549.32,Yes,73.11,12.74,1463.47
TX1203,V2498,U1208,ORD1203,19-03-2025 13:59,COD,509.52,No,0,10.71,498.81
TX1204,V2500,U1208,ORD1204,14-05-2025 16:45,COD,114.62,Yes,19.31,1.12,94.19
TX1205,V2501,U1208,ORD1205,22-04-2025 23:56,credit_card,128.28,No,0,16.05,112.23
TX1206,V2503,U1209,ORD1206,20-05-2025 13:38,wallet,276.33,No,0,2.71,273.62
TX1207,V2504,U1209,ORD1207,05-06-2025 18:05,paypal,98.17,No,0,6.24,91.93
TX1208,V2507,U1209,ORD1208,05-08-2025 05:57,COD,590.48,No,0,21.61,568.87
TX1209,V2511,U1209,ORD1209,03-03-2025 04:03,credit_card,473.82,No,0,21.77,452.05
TX1210,V2512,U1210,ORD1210,20-04-2025 08:25,credit_card,69.28,Yes,18.93,23.33,27.02
TX1211,V2513,U1210,ORD1211,04-06-2025 23:11,COD,364.22,Yes,1.71,2.88,359.63
TX1212,V2514,U1210,ORD1212,17-04-2025 04:53,paypal,226.19,Yes,21.01,16.51,188.67
TX1213,V2516,U1210,ORD1213,30-05-2025 02:17,credit_card,123.85,No,0,5.04,118.81
TX1214,V2517,U1210,ORD1214,03-11-2025 01:39,COD,631.36,No,0,3.9,627.46
TX1215,V2523,U1211,ORD1215,21-05-2025 13:20,credit_card,286.82,No,0,9.29,277.53
TX1216,V2524,U1211,ORD1216,21-04-2025 14:51,paypal,663.62,Yes,87.05,2.24,574.33
TX1217,V2525,U1211,ORD1217,23-04-2025 00:52,paypal,81.25,No,0,5.89,75.36
TX1218,V2529,U1211,ORD1218,15-04-2025 16:01,paypal,388.58,Yes,34.67,23.77,330.14
TX1219,V2530,U1211,ORD1219,03-09-2025 14:01,credit_card,992.55,Yes,140.65,10.37,841.53
TX1220,V2531,U1211,ORD1220,20-05-2025 00:02,COD,79.39,No,0,19.25,60.14
TX1221,V2532,U1211,ORD1221,30-05-2025 00:42,paypal,321.59,No,0,20.54,301.05
TX1222,V2533,U1211,ORD1222,17-04-2025 10:21,paypal,143.51,No,0,12.52,130.99
TX1223,V2539,U1213,ORD1223,04-04-2025 11:01,wallet,506.46,No,0,7.61,498.85
TX1224,V2540,U1213,ORD1224,05-08-2025 23:10,paypal,358.8,No,0,13.42,345.38
TX1225,V2541,U1213,ORD1225,03-04-2025 05:00,COD,245.92,Yes,42.52,6.51,196.89
TX1226,V2542,U1213,ORD1226,20-05-2025 22:05,wallet,658.72,No,0,16.04,642.68
TX1227,V2543,U1213,ORD1227,22-03-2025 21:07,COD,421.68,No,0,2.25,419.43
TX1228,V2546,U1213,ORD1228,23-03-2025 19:57,credit_card,209.4,Yes,4.84,10.14,194.42
TX1229,V2548,U1213,ORD1229,14-03-2025 02:25,credit_card,750.89,No,0,4.32,746.57
TX1230,V2564,U1215,ORD1230,03-11-2025 18:52,COD,317.8,Yes,15.42,23.53,278.85
TX1231,V2566,U1215,ORD1231,29-04-2025 08:16,paypal,313.92,Yes,30.08,19.82,264.02
TX1232,V2592,U1218,ORD1232,16-04-2025 14:10,wallet,238.36,No,0,8.61,229.75
TX1233,V2594,U1218,ORD1233,19-03-2025 19:22,COD,762.98,Yes,57.19,18.45,687.34
TX1234,V2595,U1218,ORD1234,05-06-2025 21:25,COD,384.41,Yes,20.04,13.16,351.21
TX1235,V2597,U1218,ORD1235,04-06-2025 04:47,COD,267.97,No,0,1.78,266.19
TX1236,V2598,U1218,ORD1236,04-11-2025 11:12,wallet,207.61,No,0,19.77,187.84
TX1237,V2614,U1221,ORD1237,23-05-2025 09:52,credit_card,424.73,No,0,0.16,424.57
TX1238,V2615,U1221,ORD1238,24-03-2025 20:19,credit_card,1282.44,No,0,18.05,1264.39
TX1239,V2616,U1221,ORD1239,04-11-2025 04:02,credit_card,1716.11,Yes,6.98,19.16,1689.97
TX1240,V2617,U1221,ORD1240,24-05-2025 06:08,paypal,319.44,Yes,36.33,21.48,261.63
TX1241,V2659,U1227,ORD1241,03-07-2025 18:09,COD,398.25,No,0,5.42,392.83
TX1242,V2660,U1227,ORD1242,03-08-2025 02:59,paypal,346.14,No,0,4.98,341.16
TX1243,V2662,U1227,ORD1243,18-03-2025 10:19,wallet,152.76,Yes,37.41,3.12,112.23
TX1244,V2663,U1227,ORD1244,28-04-2025 21:46,wallet,956.86,Yes,141.98,19.37,795.51
TX1245,V2666,U1227,ORD1245,05-01-2025 21:14,credit_card,742.58,No,0,13.18,729.4
TX1246,V2684,U1231,ORD1246,04-06-2025 17:55,paypal,336.32,No,0,4.44,331.88
TX1247,V2688,U1231,ORD1247,25-05-2025 04:47,paypal,81.87,No,0,9.67,72.2
TX1248,V2723,U1235,ORD1248,04-01-2025 09:14,credit_card,515.91,No,0,18.4,497.51
TX1249,V2725,U1235,ORD1249,05-07-2025 09:08,COD,492.52,No,0,11.46,481.06
TX1250,V2730,U1237,ORD1250,03-05-2025 23:05,COD,419.05,No,0,11.14,407.91
TX1251,V2731,U1237,ORD1251,05-05-2025 18:42,COD,1266.91,No,0,2.66,1264.25
TX1252,V2732,U1237,ORD1252,04-11-2025 16:26,wallet,190.66,No,0,11.72,178.94
TX1253,V2738,U1239,ORD1253,04-07-2025 10:11,wallet,214.67,No,0,17.61,197.06
TX1254,V2739,U1239,ORD1254,04-09-2025 03:28,wallet,42.42,No,0,17.41,25.01
TX1255,V2740,U1239,ORD1255,26-04-2025 21:06,wallet,51.74,No,0,0.6,51.14
TX1256,V2759,U1244,ORD1256,05-01-2025 10:21,wallet,301.02,No,0,13.34,287.68
TX1257,V2762,U1244,ORD1257,03-11-2025 03:44,wallet,109.74,No,0,10.29,99.45
TX1258,V2763,U1244,ORD1258,04-03-2025 02:53,wallet,1137.69,Yes,6.29,21.79,1109.61
TX1259,V2764,U1244,ORD1259,03-08-2025 03:44,credit_card,255.98,No,0,4.61,251.37
TX1260,V2774,U1247,ORD1260,21-03-2025 01:12,credit_card,875.78,Yes,112.91,1.34,761.53
TX1261,V2776,U1247,ORD1261,05-01-2025 03:16,credit_card,716.57,No,0,18.59,697.98
TX1262,V2785,U1249,ORD1262,21-05-2025 09:50,wallet,863.51,Yes,52.43,9.53,801.55
TX1263,V2786,U1250,ORD1263,15-04-2025 17:52,wallet,482.81,Yes,99.67,23.43,359.71
TX1264,V2787,U1250,ORD1264,31-05-2025 19:44,wallet,399.27,Yes,32.49,7.52,359.26
TX1265,V2788,U1250,ORD1265,22-04-2025 19:19,wallet,465.7,No,0,24.3,441.4
TX1266,V2789,U1250,ORD1266,30-04-2025 07:42,wallet,457.98,No,0,10.73,447.25
TX1267,V2790,U1250,ORD1267,14-05-2025 17:10,wallet,77.31,No,0,0.11,77.2
TX1268,V2792,U1250,ORD1268,25-04-2025 14:08,paypal,232.82,No,0,22.42,210.4
TX1269,V2794,U1250,ORD1269,21-04-2025 07:58,COD,102.1,No,0,0.6,101.5
TX1270,V2796,U1250,ORD1270,16-03-2025 06:16,wallet,1017.23,No,0,16.59,1000.64
TX1271,V2822,U1254,ORD1271,17-05-2025 00:03,paypal,444.94,No,0,10.18,434.76
TX1272,V2823,U1254,ORD1272,28-03-2025 16:15,COD,1729.06,No,0,16.86,1712.2
TX1273,V2824,U1254,ORD1273,25-04-2025 06:14,COD,845.6,No,0,16.28,829.32
TX1274,V2829,U1254,ORD1274,24-05-2025 10:58,COD,103.99,Yes,14.49,22.52,66.98
TX1275,V2837,U1256,ORD1275,03-11-2025 18:25,paypal,442.92,No,0,14.64,428.28
TX1276,V2838,U1256,ORD1276,22-05-2025 06:54,wallet,197.67,Yes,4.19,12.84,180.64
TX1277,V2839,U1256,ORD1277,22-05-2025 06:45,credit_card,117.68,No,0,4.63,113.05
TX1278,V2841,U1256,ORD1278,26-04-2025 06:27,COD,103.48,No,0,10.25,93.23
TX1279,V2854,U1259,ORD1279,13-05-2025 07:53,credit_card,135.42,No,0,14.75,120.67
TX1280,V2857,U1260,ORD1280,31-05-2025 12:52,credit_card,607.14,No,0,23.38,583.76
TX1281,V2860,U1261,ORD1281,23-03-2025 10:54,COD,221.03,No,0,11.87,209.16
TX1282,V2861,U1261,ORD1282,04-12-2025 20:03,paypal,47.13,No,0,18.32,28.81
TX1283,V2862,U1261,ORD1283,26-03-2025 07:34,credit_card,261.92,Yes,1.6,2.58,257.74
TX1284,V2882,U1265,ORD1284,05-05-2025 18:56,paypal,191.43,Yes,16.91,11.62,162.9
TX1285,V2885,U1265,ORD1285,05-02-2025 14:51,COD,333.71,No,0,7.57,326.14
TX1286,V2886,U1265,ORD1286,04-05-2025 21:30,credit_card,351.89,No,0,22.12,329.77
TX1287,V2887,U1265,ORD1287,19-05-2025 23:40,paypal,283.72,No,0,14.98,268.74
TX1288,V2888,U1265,ORD1288,13-03-2025 06:24,credit_card,336.53,No,0,0.45,336.08
TX1289,V2889,U1265,ORD1289,25-05-2025 13:08,COD,220.06,No,0,13.8,206.26
TX1290,V2890,U1265,ORD1290,24-05-2025 19:27,COD,290.33,Yes,41.24,21.21,227.88
TX1291,V2892,U1265,ORD1291,28-05-2025 10:57,credit_card,40.62,No,0,15.33,25.29
TX1292,V2893,U1265,ORD1292,30-05-2025 17:14,paypal,983.4,Yes,9.86,8.72,964.82
TX1293,V2896,U1266,ORD1293,19-05-2025 22:02,wallet,389.12,Yes,24.73,22.55,341.84
TX1294,V2901,U1266,ORD1294,05-02-2025 11:09,COD,1709.55,Yes,356.15,7.52,1345.88
TX1295,V2962,U1275,ORD1295,04-10-2025 09:28,COD,728.56,Yes,25.97,8.4,694.19
TX1296,V2964,U1275,ORD1296,27-03-2025 07:12,paypal,895.68,No,0,7.19,888.49
TX1297,V2973,U1277,ORD1297,18-04-2025 10:27,credit_card,706.69,No,0,15.14,691.55
TX1298,V2974,U1277,ORD1298,22-03-2025 21:05,credit_card,80.36,No,0,2.13,78.23
TX1299,V2977,U1277,ORD1299,16-05-2025 02:28,wallet,780.81,No,0,23.72,757.09
TX1300,V2979,U1277,ORD1300,18-04-2025 00:29,credit_card,385.4,No,0,23.36,362.04
TX1301,V2980,U1277,ORD1301,15-03-2025 01:23,credit_card,398.6,No,0,1.75,396.85
TX1302,V2998,U1280,ORD1302,04-09-2025 03:22,credit_card,289.5,No,0,1.72,287.78
TX1303,V3000,U1280,ORD1303,04-08-2025 15:36,COD,968.87,Yes,43.51,3.73,921.63
TX1304,V3001,U1280,ORD1304,04-11-2025 10:20,COD,76.14,No,0,5.83,70.31
TX1305,V3002,U1281,ORD1305,28-04-2025 05:34,COD,58.65,Yes,15.65,7.74,35.26
TX1306,V3004,U1281,ORD1306,24-04-2025 12:54,wallet,263.73,Yes,17.07,17.65,229.01
TX1307,V3006,U1281,ORD1307,06-01-2025 05:32,wallet,395.85,Yes,105.42,19.61,270.82
TX1308,V3035,U1286,ORD1308,25-05-2025 10:24,COD,622.58,No,0,21.53,601.05
TX1309,V3036,U1286,ORD1309,05-01-2025 09:14,credit_card,144.19,No,0,21.23,122.96
TX1310,V3039,U1286,ORD1310,04-02-2025 02:22,credit_card,224.68,No,0,2.61,222.07
TX1311,V3041,U1286,ORD1311,04-02-2025 00:16,paypal,1470.24,No,0,4.25,1465.99
TX1312,V3042,U1286,ORD1312,19-04-2025 02:45,paypal,536.66,No,0,25,511.66
TX1313,V3045,U1286,ORD1313,05-04-2025 03:53,wallet,665.43,No,0,4.62,660.81
TX1314,V3046,U1286,ORD1314,18-05-2025 23:59,paypal,244.34,No,0,1.81,242.53
TX1315,V3069,U1289,ORD1315,27-05-2025 17:56,wallet,461.4,Yes,37.45,13.21,410.74
TX1316,V3070,U1289,ORD1316,27-04-2025 21:43,wallet,372.05,No,0,12.73,359.32
TX1317,V3071,U1290,ORD1317,28-04-2025 08:45,wallet,153.28,Yes,23.54,22.58,107.16
TX1318,V3074,U1290,ORD1318,04-11-2025 11:19,credit_card,32.44,Yes,3.64,15.37,13.43
TX1319,V3075,U1290,ORD1319,03-08-2025 18:02,credit_card,382.52,Yes,32.55,16.87,333.1
TX1320,V3084,U1292,ORD1320,03-12-2025 02:09,wallet,417.72,Yes,31.35,8.24,378.13
TX1321,V3085,U1292,ORD1321,04-02-2025 12:53,paypal,878.68,Yes,162.02,9.43,707.23
TX1322,V3088,U1292,ORD1322,05-10-2025 14:04,COD,540.21,Yes,44.66,12.94,482.61
TX1323,V3091,U1292,ORD1323,29-03-2025 01:33,COD,224.6,Yes,21.52,20.46,182.62
TX1324,V3105,U1296,ORD1324,28-04-2025 14:26,paypal,67.75,No,0,24.07,43.68
TX1325,V3107,U1296,ORD1325,26-03-2025 10:34,credit_card,85.16,Yes,22.86,23.25,39.05
TX1326,V3113,U1296,ORD1326,17-05-2025 12:20,wallet,1111.99,Yes,30.88,14.41,1066.7
TX1327,V3123,U1298,ORD1327,13-03-2025 21:55,credit_card,929.18,No,0,13.73,915.45
TX1328,V3124,U1298,ORD1328,05-05-2025 07:46,paypal,184.27,No,0,6.44,177.83
TX1329,V3125,U1298,ORD1329,22-05-2025 17:49,COD,454.15,No,0,4.09,450.06
TX1330,V3126,U1298,ORD1330,21-04-2025 04:34,COD,212.96,Yes,49.81,0.43,162.72
TX1331,V3127,U1299,ORD1331,18-04-2025 23:54,COD,10.2,Yes,1.77,3.63,4.8
TX1332,V3128,U1299,ORD1332,27-05-2025 16:09,paypal,355.4,No,0,15.33,340.07
TX1333,V3129,U1299,ORD1333,16-04-2025 19:11,paypal,698.04,No,0,21.67,676.37
TX1334,V3175,U1305,ORD1334,28-04-2025 20:17,paypal,45.41,Yes,13.6,2.3,29.51
TX1335,V3177,U1305,ORD1335,05-05-2025 11:49,paypal,776.78,Yes,29.85,2.03,744.9
TX1336,V3179,U1305,ORD1336,28-03-2025 00:40,credit_card,1214.36,Yes,26.5,19.7,1168.16
TX1337,V3181,U1305,ORD1337,18-05-2025 18:27,paypal,761.75,No,0,18.97,742.78
TX1338,V3183,U1305,ORD1338,03-09-2025 08:16,COD,200.43,No,0,22.71,177.72
TX1339,V3187,U1306,ORD1339,23-04-2025 19:11,COD,70.34,No,0,22.74,47.6
TX1340,V3189,U1306,ORD1340,13-03-2025 09:52,paypal,22.92,Yes,2.35,19.45,1.12
TX1341,V3193,U1306,ORD1341,25-05-2025 13:24,credit_card,431.05,No,0,0.6,430.45
TX1342,V3198,U1307,ORD1342,04-05-2025 23:33,COD,128.17,No,0,11.1,117.07
TX1343,V3199,U1307,ORD1343,05-06-2025 06:04,paypal,237.23,Yes,23.39,19.42,194.42
TX1344,V3211,U1309,ORD1344,14-04-2025 05:27,wallet,546.87,Yes,17.13,17.12,512.62
TX1345,V3212,U1309,ORD1345,05-01-2025 12:49,wallet,291.2,Yes,19.52,8.38,263.3
TX1346,V3213,U1309,ORD1346,18-05-2025 02:51,credit_card,289.19,Yes,25.41,23.07,240.71
TX1347,V3214,U1309,ORD1347,21-03-2025 06:51,wallet,422.37,No,0,13.75,408.62
TX1348,V3216,U1310,ORD1348,16-04-2025 09:51,COD,301.4,No,0,21.57,279.83
TX1349,V3219,U1310,ORD1349,18-03-2025 05:03,COD,98.28,No,0,13.89,84.39
TX1350,V3225,U1312,ORD1350,24-03-2025 18:22,wallet,206.82,No,0,9.99,196.83
TX1351,V3226,U1312,ORD1351,30-03-2025 00:00,paypal,275.98,No,0,7.03,268.95
TX1352,V3228,U1312,ORD1352,04-08-2025 02:48,wallet,505.84,Yes,31.03,7.43,467.38
TX1353,V3229,U1312,ORD1353,04-03-2025 04:55,wallet,72.73,Yes,1.99,4.33,66.41
TX1354,V3230,U1312,ORD1354,03-11-2025 02:13,COD,929.64,Yes,41.35,11.41,876.88
TX1355,V3232,U1312,ORD1355,13-04-2025 09:08,COD,320.33,No,0,23.45,296.88
TX1356,V3240,U1314,ORD1356,05-10-2025 16:28,paypal,38.04,No,0,17.67,20.37
TX1357,V3241,U1314,ORD1357,31-05-2025 16:21,COD,498.86,No,0,23.93,474.93
TX1358,V3245,U1314,ORD1358,03-07-2025 20:27,wallet,337.49,No,0,0.23,337.26
TX1359,V3247,U1314,ORD1359,26-04-2025 03:07,wallet,428.96,No,0,3.24,425.72
TX1360,V3248,U1314,ORD1360,24-04-2025 08:10,credit_card,475.32,No,0,9.86,465.46
TX1361,V3274,U1318,ORD1361,17-05-2025 18:45,wallet,66.35,No,0,23.54,42.81
TX1362,V3275,U1318,ORD1362,18-05-2025 10:33,wallet,491.54,Yes,30.55,20.1,440.89
TX1363,V3277,U1318,ORD1363,21-03-2025 08:49,wallet,497.63,Yes,9.44,19.87,468.32
TX1364,V3281,U1319,ORD1364,19-03-2025 02:47,COD,1096.45,Yes,2.05,19.39,1075.01
TX1365,V3285,U1319,ORD1365,17-04-2025 23:27,credit_card,286.3,Yes,54.89,15.05,216.36
TX1366,V3287,U1319,ORD1366,25-04-2025 09:30,wallet,394.91,No,0,21.31,373.6
TX1367,V3289,U1319,ORD1367,26-05-2025 22:39,wallet,710.23,No,0,4.13,706.1
TX1368,V3293,U1321,ORD1368,26-05-2025 22:14,wallet,734.12,No,0,22.59,711.53
TX1369,V3295,U1321,ORD1369,03-07-2025 20:21,wallet,64.56,Yes,19.03,24.8,20.73
TX1370,V3296,U1321,ORD1370,04-12-2025 13:25,credit_card,571.37,No,0,24.07,547.3
TX1371,V3298,U1321,ORD1371,13-03-2025 14:13,COD,131.76,No,0,17.94,113.82
TX1372,V3299,U1321,ORD1372,23-03-2025 06:10,COD,85.26,No,0,6.12,79.14
TX1373,V3313,U1323,ORD1373,14-05-2025 14:03,wallet,24.28,No,0,20.04,4.24
TX1374,V3315,U1323,ORD1374,29-04-2025 09:44,credit_card,550.61,Yes,31.8,3.68,515.13
TX1375,V3316,U1323,ORD1375,17-05-2025 11:33,wallet,77.06,Yes,19.25,12.58,45.23
TX1376,V3317,U1323,ORD1376,03-11-2025 21:22,credit_card,166.32,Yes,5.93,20.78,139.61
TX1377,V3318,U1323,ORD1377,26-04-2025 07:39,COD,439.17,No,0,5.57,433.6
TX1378,V3319,U1323,ORD1378,20-04-2025 15:06,COD,619.16,Yes,110.55,0.01,508.6
TX1379,V3344,U1327,ORD1379,05-05-2025 23:33,COD,354.78,No,0,10.06,344.72
TX1380,V3345,U1327,ORD1380,16-03-2025 22:16,wallet,134.54,Yes,7.92,14.86,111.76
TX1381,V3346,U1327,ORD1381,14-05-2025 14:47,credit_card,520.4,No,0,4.29,516.11
TX1382,V3347,U1327,ORD1382,04-11-2025 18:41,paypal,1793.64,No,0,19.67,1773.97
TX1383,V3348,U1327,ORD1383,24-03-2025 00:42,COD,153.49,Yes,7.99,15.9,129.6
TX1384,V3350,U1327,ORD1384,04-10-2025 07:18,COD,67.56,Yes,9.77,20.97,36.82
TX1385,V3351,U1327,ORD1385,04-10-2025 06:45,credit_card,86.19,No,0,21.25,64.94
TX1386,V3353,U1328,ORD1386,24-05-2025 13:12,paypal,179.04,Yes,9.57,24.67,144.8
TX1387,V3354,U1328,ORD1387,19-05-2025 01:34,wallet,183.54,Yes,13.76,16.91,152.87
TX1388,V3356,U1328,ORD1388,03-04-2025 01:21,wallet,188.48,No,0,4.2,184.28
TX1389,V3358,U1328,ORD1389,03-03-2025 17:10,wallet,369.53,No,0,22.67,346.86
TX1390,V3375,U1331,ORD1390,05-08-2025 13:57,COD,196.65,No,0,17.59,179.06
TX1391,V3376,U1331,ORD1391,26-05-2025 03:30,COD,263.61,Yes,40.99,17.84,204.78
TX1392,V3377,U1331,ORD1392,05-11-2025 01:20,credit_card,2567.46,No,0,12.65,2554.81
TX1393,V3379,U1331,ORD1393,04-04-2025 09:56,paypal,76.4,No,0,7.54,68.86
TX1394,V3381,U1332,ORD1394,28-05-2025 14:38,COD,322.28,No,0,4.25,318.03
TX1395,V3382,U1332,ORD1395,30-04-2025 06:20,credit_card,277.92,No,0,12.87,265.05
TX1396,V3383,U1332,ORD1396,16-03-2025 09:12,paypal,150.7,No,0,20.67,130.03
TX1397,V3385,U1333,ORD1397,05-03-2025 18:20,credit_card,1101.94,Yes,22.31,14.88,1064.75
TX1398,V3386,U1333,ORD1398,27-05-2025 07:12,credit_card,117.9,No,0,22.74,95.16
TX1399,V3387,U1333,ORD1399,05-01-2025 22:51,paypal,401.54,Yes,1.06,15.32,385.16
TX1400,V3388,U1333,ORD1400,30-04-2025 21:28,credit_card,481.4,Yes,7.99,13.65,459.76
TX1401,V3468,U1344,ORD1401,13-03-2025 08:05,credit_card,177.94,No,0,21.84,156.1
TX1402,V3471,U1344,ORD1402,13-05-2025 04:27,COD,71.15,Yes,18.47,21.7,30.98
TX1403,V3477,U1346,ORD1403,04-07-2025 21:11,COD,265.68,Yes,25.87,13.51,226.3
TX1404,V3478,U1346,ORD1404,30-03-2025 14:47,paypal,499.69,No,0,4.36,495.33
TX1405,V3482,U1346,ORD1405,31-03-2025 01:38,wallet,362.96,No,0,15.37,347.59
TX1406,V3504,U1350,ORD1406,14-05-2025 21:28,wallet,282.39,No,0,24.23,258.16
TX1407,V3505,U1350,ORD1407,19-04-2025 14:11,wallet,141.39,No,0,5.08,136.31
TX1408,V3507,U1350,ORD1408,14-04-2025 13:24,wallet,210.82,No,0,4.08,206.74
TX1409,V3508,U1351,ORD1409,14-04-2025 22:25,credit_card,40.24,No,0,24.41,15.83
TX1410,V3509,U1351,ORD1410,25-05-2025 22:43,wallet,636.49,Yes,50.69,13.57,572.23
TX1411,V3510,U1351,ORD1411,04-02-2025 04:48,paypal,77.58,Yes,17.7,20.16,39.72
TX1412,V3537,U1355,ORD1412,22-04-2025 13:19,wallet,982.08,No,0,18.12,963.96
TX1413,V3539,U1355,ORD1413,18-05-2025 06:16,wallet,219.29,No,0,7.88,211.41
TX1414,V3540,U1355,ORD1414,26-03-2025 06:33,paypal,376.35,Yes,38.48,19.6,318.27
TX1415,V3545,U1357,ORD1415,30-04-2025 08:04,credit_card,196.34,Yes,21.92,10.95,163.47
TX1416,V3546,U1357,ORD1416,04-09-2025 20:15,wallet,100.96,Yes,14.04,18.54,68.38
TX1417,V3549,U1357,ORD1417,03-04-2025 00:12,COD,113.78,No,0,20.18,93.6
TX1418,V3550,U1357,ORD1418,13-04-2025 01:19,wallet,84.66,No,0,18.56,66.1
TX1419,V3552,U1357,ORD1419,24-05-2025 23:07,paypal,684.04,No,0,24.18,659.86
TX1420,V3553,U1357,ORD1420,04-01-2025 10:33,paypal,1089.91,No,0,4.99,1084.92
TX1421,V3569,U1359,ORD1421,27-05-2025 18:51,paypal,942.37,Yes,146.94,20.47,774.96
TX1422,V3576,U1361,ORD1422,18-04-2025 04:43,credit_card,31.05,No,0,24.99,6.06
TX1423,V3577,U1361,ORD1423,14-05-2025 22:11,paypal,459.57,No,0,22.88,436.69
TX1424,V3578,U1361,ORD1424,04-08-2025 23:13,COD,100.23,No,0,16.56,83.67
TX1425,V3579,U1361,ORD1425,13-03-2025 00:09,credit_card,966.25,No,0,1.96,964.29
TX1426,V3580,U1361,ORD1426,03-08-2025 07:16,paypal,188.13,No,0,2,186.13
TX1427,V3585,U1362,ORD1427,23-03-2025 21:39,wallet,135.03,Yes,5.38,5.27,124.38
TX1428,V3586,U1363,ORD1428,26-05-2025 06:53,wallet,154.29,No,0,9.79,144.5
TX1429,V3587,U1363,ORD1429,27-03-2025 13:11,wallet,10.5,No,0,0.57,9.93
TX1430,V3599,U1365,ORD1430,18-03-2025 17:54,credit_card,695.18,No,0,19.29,675.89
TX1431,V3600,U1365,ORD1431,25-03-2025 00:16,COD,399.58,No,0,9.84,389.74
TX1432,V3601,U1365,ORD1432,04-12-2025 20:24,wallet,172.08,Yes,21.64,8.19,142.25
TX1433,V3602,U1365,ORD1433,25-04-2025 11:35,wallet,224.05,No,0,18.53,205.52
TX1434,V3604,U1365,ORD1434,20-05-2025 02:35,COD,40.24,No,0,21.75,18.49
TX1435,V3606,U1365,ORD1435,31-03-2025 00:00,credit_card,303.89,No,0,20.03,283.86
TX1436,V3635,U1370,ORD1436,04-04-2025 14:03,paypal,396.29,Yes,16.91,19.93,359.45
TX1437,V3637,U1370,ORD1437,04-02-2025 01:21,wallet,310.47,Yes,48.11,9.03,253.33
TX1438,V3638,U1370,ORD1438,28-05-2025 23:49,paypal,1325.04,Yes,166.54,13.16,1145.34
TX1439,V3641,U1370,ORD1439,05-01-2025 00:34,wallet,75.84,No,0,3.4,72.44
TX1440,V3642,U1371,ORD1440,03-01-2025 21:58,wallet,212.88,Yes,58.04,3.79,151.05
TX1441,V3643,U1371,ORD1441,03-03-2025 02:19,COD,394.28,No,0,20.24,374.04
TX1442,V3646,U1371,ORD1442,05-07-2025 21:56,wallet,455.45,Yes,71.5,4.12,379.83
TX1443,V3680,U1377,ORD1443,29-04-2025 10:08,credit_card,1115.34,Yes,114.78,17.61,982.95
TX1444,V3683,U1377,ORD1444,04-08-2025 21:56,COD,539.25,Yes,63.59,5.53,470.13
TX1445,V3684,U1377,ORD1445,25-05-2025 12:03,wallet,136.2,Yes,19.26,13.76,103.18
TX1446,V3686,U1377,ORD1446,18-04-2025 20:07,COD,365.38,No,0,13.3,352.08
TX1447,V3687,U1377,ORD1447,25-04-2025 05:45,COD,172.38,Yes,18.64,12.59,141.15
TX1448,V3688,U1377,ORD1448,05-05-2025 06:32,COD,550.83,Yes,61.03,5.76,484.04
TX1449,V3710,U1380,ORD1449,23-05-2025 09:38,COD,388.26,Yes,83.28,14.28,290.7
TX1450,V3711,U1380,ORD1450,04-01-2025 19:38,COD,524.07,Yes,12.69,0.91,510.47
TX1451,V3713,U1380,ORD1451,29-03-2025 11:32,paypal,662.97,No,0,6.84,656.13
TX1452,V3714,U1380,ORD1452,05-06-2025 16:55,credit_card,582.44,No,0,11.51,570.93
TX1453,V3715,U1381,ORD1453,17-04-2025 04:13,wallet,10.35,No,0,4.98,5.37
TX1454,V3716,U1381,ORD1454,04-05-2025 16:17,COD,630.86,Yes,93.73,24.09,513.04
TX1455,V3717,U1381,ORD1455,14-05-2025 01:38,credit_card,73.42,Yes,7.35,20.94,45.13
TX1456,V3718,U1381,ORD1456,26-05-2025 15:24,credit_card,27.96,No,0,24.3,3.66
TX1457,V3719,U1382,ORD1457,23-03-2025 01:14,paypal,66.51,No,0,21.03,45.48
TX1458,V3720,U1382,ORD1458,29-03-2025 06:37,COD,119.94,No,0,9.69,110.25
TX1459,V3723,U1382,ORD1459,03-02-2025 01:01,COD,1752.57,Yes,42.2,17.58,1692.79
TX1460,V3826,U1398,ORD1460,05-01-2025 04:37,COD,479.26,Yes,21.41,11.37,446.48
TX1461,V3827,U1398,ORD1461,04-12-2025 09:37,COD,168.92,No,0,4.52,164.4
TX1462,V3828,U1398,ORD1462,17-03-2025 17:08,credit_card,328.85,No,0,7.19,321.66
TX1463,V3829,U1398,ORD1463,14-04-2025 21:36,credit_card,1405.65,No,0,16.96,1388.69
TX1464,V3830,U1398,ORD1464,17-05-2025 04:56,COD,56.24,Yes,0.9,8.41,46.93
TX1465,V3894,U1408,ORD1465,17-05-2025 12:54,COD,25.85,No,0,7.6,18.25
TX1466,V3913,U1411,ORD1466,18-04-2025 17:56,wallet,725.79,Yes,32.48,6.67,686.64
TX1467,V3916,U1411,ORD1467,29-05-2025 22:31,wallet,110.73,No,0,7,103.73
TX1468,V3919,U1411,ORD1468,23-03-2025 22:31,paypal,51.32,No,0,16.78,34.54
TX1469,V4024,U1425,ORD1469,19-03-2025 07:26,wallet,161.32,No,0,0.99,160.33
TX1470,V4049,U1428,ORD1470,04-01-2025 07:47,credit_card,190.69,Yes,6.63,17.66,166.4
TX1471,V4051,U1429,ORD1471,05-05-2025 12:04,paypal,163.12,Yes,5.32,16.78,141.02
TX1472,V4053,U1429,ORD1472,26-04-2025 18:03,credit_card,326.54,No,0,14.39,312.15
TX1473,V4054,U1429,ORD1473,04-01-2025 13:05,credit_card,41.14,No,0,14.01,27.13
TX1474,V4055,U1429,ORD1474,20-03-2025 19:57,wallet,74.22,Yes,10.13,15.24,48.85
TX1475,V4056,U1429,ORD1475,05-10-2025 15:11,paypal,1073.83,Yes,114.08,15.37,944.38
TX1476,V4057,U1429,ORD1476,16-04-2025 01:26,credit_card,706.74,Yes,49.68,4.53,652.53
TX1477,V4058,U1429,ORD1477,22-03-2025 06:00,COD,789.08,Yes,109.7,4.8,674.58
TX1478,V4059,U1429,ORD1478,16-03-2025 02:29,paypal,325.75,No,0,22.51,303.24
TX1479,V4060,U1429,ORD1479,03-07-2025 20:03,wallet,170.67,Yes,20.06,21.85,128.76
TX1480,V4069,U1430,ORD1480,29-03-2025 14:52,credit_card,235.01,Yes,2.74,22.48,209.79
TX1481,V4074,U1432,ORD1481,30-03-2025 17:06,COD,300.68,Yes,34.91,11.48,254.29
TX1482,V4078,U1432,ORD1482,26-03-2025 06:31,paypal,416.52,No,0,3.74,412.78
TX1483,V4079,U1432,ORD1483,28-05-2025 16:04,COD,430.98,No,0,9.18,421.8
TX1484,V4081,U1432,ORD1484,15-04-2025 10:49,COD,34.5,Yes,8.8,19.81,5.89
TX1485,V4097,U1436,ORD1485,25-04-2025 03:10,COD,559.21,Yes,43.8,19.63,495.78
TX1486,V4098,U1436,ORD1486,04-07-2025 00:12,wallet,20.78,No,0,10.05,10.73
TX1487,V4100,U1436,ORD1487,19-04-2025 06:19,paypal,300.67,No,0,6.81,293.86
TX1488,V4122,U1439,ORD1488,05-09-2025 19:45,paypal,362.2,Yes,2.94,16.35,342.91
TX1489,V4125,U1439,ORD1489,28-03-2025 13:26,COD,232.62,No,0,13.77,218.85
TX1490,V4126,U1439,ORD1490,17-03-2025 15:00,COD,827.79,Yes,46.14,9.16,772.49
TX1491,V4168,U1445,ORD1491,20-04-2025 09:12,wallet,780.26,Yes,5.28,14.92,760.06
TX1492,V4170,U1445,ORD1492,04-03-2025 00:53,wallet,202.92,No,0,12.99,189.93
TX1493,V4171,U1445,ORD1493,05-02-2025 12:31,COD,12.07,No,0,18.83,-6.76
TX1494,V4205,U1449,ORD1494,22-05-2025 20:15,wallet,238.05,No,0,2.93,235.12
TX1495,V4206,U1449,ORD1495,18-04-2025 03:26,credit_card,506.76,Yes,64.69,8.06,434.01
TX1496,V4208,U1449,ORD1496,30-04-2025 19:59,credit_card,238.96,Yes,11.76,21.39,205.81
TX1497,V4215,U1451,ORD1497,03-04-2025 03:25,COD,373.68,No,0,8.88,364.8
TX1498,V4216,U1451,ORD1498,15-05-2025 00:27,paypal,3224.34,Yes,206.62,10.17,3007.55
TX1499,V4217,U1451,ORD1499,13-03-2025 08:04,paypal,126.96,No,0,11.93,115.03
TX1500,V4293,U1462,ORD1500,04-07-2025 17:09,COD,1047.4,No,0,4.84,1042.56
TX1501,V4294,U1462,ORD1501,30-04-2025 13:08,wallet,125.12,Yes,13.2,7.47,104.45
TX1502,V4303,U1464,ORD1502,17-04-2025 19:10,wallet,46.96,Yes,5.8,1.01,40.15
TX1503,V4304,U1464,ORD1503,30-05-2025 21:00,paypal,23.3,Yes,5.83,19.67,-2.2
TX1504,V4305,U1464,ORD1504,04-09-2025 22:36,COD,176.64,Yes,10.82,22.57,143.25
TX1505,V4307,U1464,ORD1505,19-04-2025 12:44,credit_card,44.81,No,0,0.86,43.95
TX1506,V4310,U1465,ORD1506,27-05-2025 01:11,COD,197.77,Yes,19.16,22.18,156.43
TX1507,V4312,U1465,ORD1507,04-08-2025 03:42,paypal,375.6,No,0,6.44,369.16
TX1508,V4329,U1468,ORD1508,05-09-2025 03:24,credit_card,1587.84,No,0,22.24,1565.6
TX1509,V4332,U1468,ORD1509,16-03-2025 07:35,wallet,219.22,No,0,6.57,212.65
TX1510,V4333,U1468,ORD1510,29-04-2025 05:46,paypal,344.22,Yes,21.83,20.67,301.72
TX1511,V4334,U1468,ORD1511,05-07-2025 00:59,wallet,212.14,Yes,9.01,12.86,190.27
TX1512,V4430,U1481,ORD1512,29-03-2025 01:12,COD,321.88,No,0,20.55,301.33
TX1513,V4462,U1486,ORD1513,05-10-2025 13:57,COD,468.78,Yes,54.03,0.65,414.1
TX1514,V4463,U1486,ORD1514,03-05-2025 08:58,wallet,292.96,Yes,3.54,24.91,264.51
TX1515,V4465,U1486,ORD1515,03-10-2025 13:56,wallet,690.23,Yes,64.32,19.09,606.82
TX1516,V4491,U1490,ORD1516,05-08-2025 15:58,credit_card,361.28,Yes,54.61,0.32,306.35
TX1517,V4493,U1490,ORD1517,31-05-2025 11:12,wallet,229.74,Yes,51,23.99,154.75
TX1518,V4513,U1493,ORD1518,23-05-2025 18:24,credit_card,284,No,0,10.35,273.65
TX1519,V4514,U1493,ORD1519,04-08-2025 14:55,wallet,407.82,Yes,8.34,20.06,379.42
TX1520,V4515,U1493,ORD1520,13-05-2025 09:08,paypal,214.98,No,0,10.1,204.88
TX1521,V4516,U1493,ORD1521,04-02-2025 02:12,credit_card,326.88,No,0,6.16,320.72
TX1522,V4517,U1493,ORD1522,29-04-2025 02:56,paypal,383.22,Yes,15.36,4.42,363.44
TX1523,V4520,U1493,ORD1523,04-02-2025 07:49,COD,350.36,No,0,18.98,331.38
TX1524,V4522,U1493,ORD1524,05-06-2025 08:53,paypal,133.66,No,0,6.1,127.56
TX1525,V4525,U1494,ORD1525,29-04-2025 11:52,wallet,330.77,Yes,46.1,4.33,280.34
TX1526,V4527,U1494,ORD1526,04-09-2025 05:08,credit_card,96.18,No,0,0.94,95.24
TX1527,V4528,U1494,ORD1527,24-04-2025 04:18,credit_card,411.03,No,0,20.36,390.67
TX1528,V4529,U1494,ORD1528,14-04-2025 20:16,wallet,160.26,Yes,37.37,24.57,98.32
TX1529,V4533,U1494,ORD1529,05-06-2025 20:28,credit_card,499.47,Yes,15.49,12.56,471.42
TX1530,V4535,U1494,ORD1530,28-03-2025 13:21,credit_card,1068.76,No,0,6.08,1062.68
TX1531,V4536,U1495,ORD1531,13-05-2025 08:46,COD,441.51,Yes,18.23,17.36,405.92
TX1532,V4537,U1495,ORD1532,24-05-2025 03:36,paypal,1091.06,Yes,263.35,20.05,807.66
TX1533,V4540,U1495,ORD1533,04-01-2025 19:58,paypal,402.36,No,0,23.93,378.43
TX1534,V4541,U1495,ORD1534,19-04-2025 18:37,credit_card,234.36,Yes,65.03,2.12,167.21
TX1535,V4568,U1499,ORD1535,04-09-2025 14:14,paypal,207.52,No,0,14.81,192.71
TX1536,V4569,U1499,ORD1536,23-04-2025 05:58,wallet,92.28,No,0,1.32,90.96
TX1537,V4570,U1499,ORD1537,29-03-2025 20:31,paypal,366.05,Yes,25.51,10.32,330.22
TX1538,V4572,U1499,ORD1538,20-03-2025 05:35,wallet,126.71,Yes,10.48,22.19,94.04
TX1539,V4573,U1499,ORD1539,23-05-2025 10:12,wallet,135.75,Yes,13.65,7.52,114.58
TX1540,V4574,U1499,ORD1540,04-09-2025 02:33,credit_card,748.61,No,0,1.93,746.68
TX1541,V4575,U1499,ORD1541,15-03-2025 08:01,wallet,920.38,Yes,119.72,18.11,782.55
TX1542,V4581,U1501,ORD1542,15-04-2025 06:07,COD,299.3,No,0,5.03,294.27
TX1543,V4583,U1501,ORD1543,15-03-2025 05:32,credit_card,34.3,No,0,2.47,31.83
TX1544,V4661,U1513,ORD1544,03-06-2025 03:12,COD,459.57,No,0,3.61,455.96
TX1545,V4662,U1513,ORD1545,26-04-2025 12:02,COD,990.09,No,0,22.8,967.29
TX1546,V4663,U1513,ORD1546,05-04-2025 07:45,credit_card,181.22,No,0,0.18,181.04
TX1547,V4664,U1513,ORD1547,03-11-2025 12:38,wallet,364.25,Yes,81.62,7.75,274.88
TX1548,V4672,U1514,ORD1548,26-03-2025 13:40,COD,363.61,Yes,2.54,0.49,360.58
TX1549,V4677,U1514,ORD1549,15-04-2025 03:44,paypal,327.79,No,0,24.43,303.36
TX1550,V4713,U1519,ORD1550,17-03-2025 15:14,credit_card,19.92,Yes,5.66,17.98,-3.72
TX1551,V4715,U1519,ORD1551,31-03-2025 22:10,paypal,273.47,Yes,27.6,11.83,234.04
TX1552,V4725,U1521,ORD1552,29-05-2025 19:41,COD,98.1,No,0,16.57,81.53
TX1553,V4727,U1521,ORD1553,16-03-2025 07:58,paypal,1308.02,Yes,194.1,20.06,1093.86
TX1554,V4728,U1521,ORD1554,19-05-2025 00:42,paypal,86.31,No,0,11.84,74.47
TX1555,V4729,U1521,ORD1555,29-03-2025 11:38,wallet,114.03,No,0,4.85,109.18
TX1556,V4730,U1521,ORD1556,03-11-2025 05:13,paypal,84.66,No,0,15.34,69.32
TX1557,V4734,U1522,ORD1557,19-03-2025 08:29,COD,423.54,Yes,9.13,7.38,407.03
TX1558,V4737,U1522,ORD1558,20-05-2025 13:52,paypal,66.66,No,0,20.43,46.23
TX1559,V4738,U1522,ORD1559,18-04-2025 09:53,COD,563.4,Yes,105.66,7.15,450.59
TX1560,V4739,U1523,ORD1560,22-04-2025 08:33,credit_card,181.03,Yes,1.54,1.74,177.75
TX1561,V4740,U1523,ORD1561,05-09-2025 14:10,credit_card,1090.07,No,0,13.01,1077.06
TX1562,V4741,U1523,ORD1562,25-05-2025 09:31,COD,569.08,Yes,86.55,19.36,463.17
TX1563,V4751,U1526,ORD1563,28-04-2025 03:33,credit_card,128.57,No,0,10.57,118
TX1564,V4752,U1526,ORD1564,23-05-2025 14:46,COD,162.86,Yes,45.36,11.85,105.65
TX1565,V4753,U1526,ORD1565,17-04-2025 18:10,COD,190.37,Yes,33.71,15.22,141.44
TX1566,V4755,U1526,ORD1566,03-02-2025 15:07,wallet,138.39,No,0,11.62,126.77
TX1567,V4757,U1526,ORD1567,16-03-2025 21:19,COD,147.34,Yes,10.63,23.81,112.9
TX1568,V4759,U1526,ORD1568,04-07-2025 17:40,wallet,824.08,Yes,49.65,5.8,768.63
TX1569,V4761,U1527,ORD1569,03-06-2025 06:11,wallet,46.34,Yes,4.89,13.05,28.4
TX1570,V4762,U1527,ORD1570,05-11-2025 23:20,wallet,155.22,Yes,39.33,16.72,99.17
TX1571,V4763,U1527,ORD1571,04-06-2025 23:30,credit_card,544.34,Yes,0.66,17.21,526.47
TX1572,V4764,U1527,ORD1572,16-05-2025 18:46,COD,611.45,Yes,40.74,22.37,548.34
TX1573,V4768,U1528,ORD1573,04-12-2025 15:51,credit_card,296.48,Yes,20.92,5.83,269.73
TX1574,V4769,U1528,ORD1574,19-05-2025 08:34,paypal,29.1,No,0,11.29,17.81
TX1575,V4770,U1529,ORD1575,20-04-2025 13:16,wallet,52.61,No,0,11.35,41.26
TX1576,V4771,U1529,ORD1576,28-03-2025 15:42,credit_card,64.13,Yes,9.87,12.03,42.23
TX1577,V4773,U1529,ORD1577,05-11-2025 14:08,COD,628.72,No,0,10,618.72
TX1578,V4802,U1534,ORD1578,03-03-2025 10:59,wallet,742.77,No,0,23.37,719.4
TX1579,V4804,U1534,ORD1579,22-04-2025 21:04,credit_card,200.49,No,0,8.23,192.26
TX1580,V4805,U1534,ORD1580,04-04-2025 18:02,credit_card,1491.69,No,0,24.26,1467.43
TX1581,V4807,U1535,ORD1581,29-05-2025 21:49,wallet,500.77,No,0,17.86,482.91
TX1582,V4808,U1535,ORD1582,26-05-2025 11:19,COD,564.32,Yes,41.28,17.27,505.77
TX1583,V4809,U1535,ORD1583,22-04-2025 06:35,COD,122.56,No,0,9.21,113.35
TX1584,V4813,U1536,ORD1584,31-05-2025 16:29,credit_card,481.98,Yes,60.39,0.16,421.43
TX1585,V4814,U1536,ORD1585,15-05-2025 15:34,COD,513.12,No,0,22.84,490.28
TX1586,V4815,U1536,ORD1586,27-05-2025 22:00,wallet,114.96,No,0,16.61,98.35
TX1587,V4867,U1542,ORD1587,21-05-2025 15:50,COD,803.77,Yes,105.8,4.7,693.27
TX1588,V4869,U1542,ORD1588,04-04-2025 14:16,paypal,28.92,No,0,16.76,12.16
TX1589,V4870,U1542,ORD1589,04-12-2025 16:12,wallet,314.95,No,0,9.85,305.1
TX1590,V4871,U1542,ORD1590,04-06-2025 11:04,wallet,175.08,Yes,6.28,1.35,167.45
TX1591,V4874,U1543,ORD1591,19-03-2025 19:43,COD,533.2,Yes,8.83,9.41,514.96
TX1592,V4875,U1543,ORD1592,03-05-2025 19:48,credit_card,709.61,No,0,12.54,697.07
TX1593,V4877,U1543,ORD1593,13-05-2025 02:28,credit_card,826.14,No,0,14.08,812.06
TX1594,V4884,U1544,ORD1594,23-04-2025 14:52,credit_card,80.25,Yes,9.26,13.16,57.83
TX1595,V4909,U1548,ORD1595,17-03-2025 00:20,credit_card,90.05,No,0,2.6,87.45
TX1596,V4912,U1548,ORD1596,15-05-2025 18:36,credit_card,472.46,No,0,18.92,453.54
TX1597,V4915,U1548,ORD1597,05-06-2025 05:39,credit_card,639.31,Yes,17.85,6.01,615.45
TX1598,V4916,U1548,ORD1598,04-12-2025 07:00,wallet,546.47,Yes,17.65,21.74,507.08
TX1599,V4917,U1548,ORD1599,16-04-2025 01:15,COD,60.49,No,0,21.35,39.14
TX1600,V4921,U1549,ORD1600,30-04-2025 23:58,COD,82.51,Yes,23.8,20.63,38.08
TX1601,V4922,U1549,ORD1601,19-03-2025 18:37,credit_card,212.51,No,0,1.22,211.29
TX1602,V4924,U1549,ORD1602,05-02-2025 03:26,paypal,550.71,No,0,10.02,540.69
TX1603,V4925,U1549,ORD1603,25-03-2025 03:30,paypal,216.49,Yes,39.38,17.32,159.79
TX1604,V4926,U1549,ORD1604,15-03-2025 11:16,credit_card,33.62,Yes,4.39,13.92,15.31
TX1605,V4927,U1549,ORD1605,03-05-2025 09:24,paypal,413,Yes,104.69,21.07,287.24
TX1606,V4928,U1549,ORD1606,19-03-2025 22:48,paypal,96.08,Yes,11.25,16.11,68.72
TX1607,V4964,U1554,ORD1607,19-05-2025 10:31,wallet,22.92,Yes,2.49,0.27,20.16
TX1608,V4967,U1554,ORD1608,29-04-2025 23:05,paypal,272.32,No,0,13.16,259.16
TX1609,V4968,U1554,ORD1609,24-03-2025 23:10,credit_card,371.22,No,0,23.08,348.14
TX1610,V4971,U1554,ORD1610,03-11-2025 11:15,credit_card,155.67,No,0,18.3,137.37
TX1611,V4986,U1557,ORD1611,22-04-2025 21:16,credit_card,1323.95,Yes,21.38,17.81,1284.76
TX1612,V4987,U1557,ORD1612,16-03-2025 21:04,COD,421.65,No,0,10.1,411.55
TX1613,V4993,U1557,ORD1613,23-05-2025 07:31,COD,652.35,No,0,15.93,636.42
TX1614,V4995,U1557,ORD1614,28-05-2025 11:17,wallet,633.31,No,0,3.05,630.26
TX1615,V5002,U1559,ORD1615,19-04-2025 01:06,paypal,93.75,No,0,14.91,78.84
TX1616,V5004,U1559,ORD1616,28-04-2025 08:07,credit_card,90.11,No,0,5.08,85.03
TX1617,V5006,U1559,ORD1617,29-03-2025 17:56,credit_card,246.29,No,0,21.29,225
TX1618,V5070,U1570,ORD1618,23-04-2025 12:38,paypal,223.57,Yes,9.55,9.94,204.08
TX1619,V5097,U1575,ORD1619,25-03-2025 19:28,COD,1467.65,Yes,57.11,21.25,1389.29
TX1620,V5098,U1575,ORD1620,28-05-2025 22:25,wallet,333.04,No,0,6.64,326.4
TX1621,V5116,U1578,ORD1621,03-11-2025 23:47,paypal,68,Yes,11.68,7.03,49.29
TX1622,V5117,U1578,ORD1622,05-12-2025 12:18,paypal,674.33,Yes,26.7,17.22,630.41
TX1623,V5120,U1578,ORD1623,20-03-2025 21:26,paypal,1108.87,No,0,15.7,1093.17
TX1624,V5122,U1578,ORD1624,24-04-2025 18:32,paypal,387.64,Yes,23.2,21.02,343.42
TX1625,V5158,U1583,ORD1625,04-12-2025 19:46,credit_card,272.3,Yes,21.93,4.29,246.08
TX1626,V5159,U1583,ORD1626,04-03-2025 12:14,paypal,323.2,No,0,5.91,317.29
TX1627,V5169,U1584,ORD1627,04-06-2025 14:05,credit_card,153.25,Yes,13.38,23.86,116.01
TX1628,V5171,U1584,ORD1628,29-05-2025 21:25,COD,93.1,No,0,7.08,86.02
TX1629,V5172,U1584,ORD1629,18-05-2025 16:04,paypal,388.4,Yes,14.06,14.44,359.9
TX1630,V5173,U1584,ORD1630,17-05-2025 23:10,wallet,204.45,No,0,1.68,202.77
TX1631,V5174,U1584,ORD1631,23-05-2025 22:56,credit_card,48,Yes,5.31,6.78,35.91
TX1632,V5176,U1584,ORD1632,05-05-2025 09:15,paypal,407.94,No,0,11.26,396.68
TX1633,V5195,U1587,ORD1633,05-05-2025 08:49,wallet,804.57,No,0,23.62,780.95
TX1634,V5197,U1587,ORD1634,04-10-2025 23:32,paypal,753.68,Yes,41.88,3.42,708.38
TX1635,V5199,U1587,ORD1635,22-04-2025 18:46,paypal,174.76,Yes,33,21.65,120.11
TX1636,V5200,U1587,ORD1636,22-04-2025 07:45,wallet,986.76,Yes,189,5.18,792.58
TX1637,V5208,U1590,ORD1637,05-09-2025 12:19,paypal,1239.78,No,0,1.62,1238.16
TX1638,V5209,U1590,ORD1638,25-03-2025 12:02,COD,1285.5,No,0,17.42,1268.08
TX1639,V5212,U1590,ORD1639,04-07-2025 00:26,COD,524.84,No,0,14.84,510
TX1640,V5215,U1590,ORD1640,03-08-2025 00:49,paypal,138.09,Yes,25.21,13.51,99.37
TX1641,V5216,U1590,ORD1641,04-05-2025 04:02,COD,235.05,Yes,10.25,18.85,205.95
TX1642,V5218,U1590,ORD1642,26-05-2025 03:43,wallet,518.63,Yes,63.14,21.26,434.23
TX1643,V5242,U1595,ORD1643,03-02-2025 21:04,wallet,308.76,No,0,17.1,291.66
TX1644,V5243,U1595,ORD1644,20-05-2025 19:31,paypal,305.92,No,0,16.03,289.89
TX1645,V5244,U1595,ORD1645,04-10-2025 18:30,COD,135.46,No,0,8.72,126.74
TX1646,V5246,U1595,ORD1646,16-04-2025 04:37,wallet,162.9,Yes,12.44,6.64,143.82
TX1647,V5248,U1595,ORD1647,23-04-2025 01:02,credit_card,221.71,No,0,1.74,219.97
TX1648,V5249,U1596,ORD1648,31-03-2025 07:54,paypal,617.67,No,0,2.61,615.06
TX1649,V5270,U1599,ORD1649,17-03-2025 21:22,wallet,351.16,No,0,24.93,326.23
TX1650,V5273,U1599,ORD1650,13-03-2025 20:34,wallet,269.99,Yes,49.62,8.16,212.21
TX1651,V5274,U1599,ORD1651,22-03-2025 22:40,paypal,559.23,No,0,1.7,557.53
TX1652,V5281,U1601,ORD1652,05-08-2025 23:28,wallet,635.7,Yes,62.61,20.84,552.25
TX1653,V5286,U1601,ORD1653,03-08-2025 07:23,wallet,509.24,No,0,2.73,506.51
TX1654,V5287,U1601,ORD1654,04-06-2025 12:36,credit_card,214.11,No,0,17.12,196.99
TX1655,V5301,U1603,ORD1655,22-03-2025 12:03,credit_card,260.6,Yes,19.78,2.95,237.87
TX1656,V5302,U1603,ORD1656,30-05-2025 08:11,wallet,1793.2,Yes,240.79,21.34,1531.07
TX1657,V5309,U1604,ORD1657,03-11-2025 22:11,paypal,23.17,Yes,6.27,15.91,0.99
TX1658,V5310,U1604,ORD1658,31-03-2025 07:06,wallet,533.1,Yes,19.02,3.38,510.7
TX1659,V5313,U1604,ORD1659,20-04-2025 02:35,paypal,1579.82,No,0,24.19,1555.63
TX1660,V5315,U1604,ORD1660,04-08-2025 12:15,credit_card,241.56,Yes,11.36,6.66,223.54
TX1661,V5359,U1613,ORD1661,25-05-2025 23:29,wallet,779.16,Yes,62.6,19.38,697.18
TX1662,V5360,U1613,ORD1662,17-05-2025 00:54,COD,839.42,Yes,127.01,10.17,702.24
TX1663,V5361,U1613,ORD1663,03-10-2025 03:06,COD,684.96,No,0,15.05,669.91
TX1664,V5365,U1613,ORD1664,16-03-2025 21:15,COD,365.22,No,0,18.55,346.67
TX1665,V5392,U1617,ORD1665,30-04-2025 09:08,paypal,29.56,No,0,11.57,17.99
TX1666,V5393,U1617,ORD1666,03-06-2025 15:57,wallet,532.53,No,0,17.24,515.29
TX1667,V5396,U1617,ORD1667,25-04-2025 17:45,COD,40.24,Yes,8.31,2.71,29.22
TX1668,V5397,U1617,ORD1668,17-03-2025 23:09,paypal,553.92,No,0,1.43,552.49
TX1669,V5402,U1617,ORD1669,22-03-2025 23:44,COD,348.43,No,0,24.32,324.11
TX1670,V5418,U1621,ORD1670,22-03-2025 00:28,credit_card,212.22,Yes,43.45,18.71,150.06
TX1671,V5419,U1621,ORD1671,13-05-2025 18:19,credit_card,610.24,No,0,9.15,601.09
TX1672,V5439,U1626,ORD1672,29-03-2025 13:14,paypal,92.53,Yes,11.93,0.89,79.71
TX1673,V5440,U1626,ORD1673,03-09-2025 06:23,COD,957.87,Yes,9.62,16.58,931.67
TX1674,V5441,U1626,ORD1674,26-05-2025 15:02,paypal,662.17,Yes,30.22,2,629.95
TX1675,V5442,U1626,ORD1675,14-04-2025 03:53,credit_card,1405.65,Yes,327.46,3.42,1074.77
TX1676,V5445,U1626,ORD1676,27-05-2025 00:00,wallet,341.52,No,0,3.42,338.1
TX1677,V5446,U1626,ORD1677,19-03-2025 19:56,wallet,303.03,No,0,12.06,290.97
TX1678,V5447,U1626,ORD1678,03-07-2025 04:13,credit_card,235.69,Yes,10.25,5.06,220.38
TX1679,V5474,U1631,ORD1679,19-04-2025 18:47,credit_card,643.44,Yes,106.45,13.68,523.31
TX1680,V5476,U1631,ORD1680,17-05-2025 10:31,COD,218.55,Yes,47.19,23.38,147.98
TX1681,V5477,U1631,ORD1681,04-11-2025 00:56,wallet,255.83,Yes,25.48,20.44,209.91
TX1682,V5478,U1631,ORD1682,21-04-2025 20:17,paypal,1162.78,Yes,24.56,12.79,1125.43
TX1683,V5503,U1635,ORD1683,20-05-2025 20:48,paypal,283.15,Yes,81.51,3.18,198.46
TX1684,V5504,U1635,ORD1684,04-12-2025 07:18,COD,463.2,Yes,27.24,17,418.96
TX1685,V5509,U1635,ORD1685,19-03-2025 15:11,paypal,352.82,No,0,21.97,330.85
TX1686,V5512,U1636,ORD1686,04-07-2025 02:06,wallet,492.76,Yes,11.55,10.64,470.57
TX1687,V5569,U1643,ORD1687,03-07-2025 19:11,COD,86.19,Yes,19.23,5.87,61.09
TX1688,V5570,U1643,ORD1688,31-05-2025 22:34,paypal,328.6,Yes,46,17.58,265.02
TX1689,V5574,U1643,ORD1689,04-09-2025 08:20,wallet,271.49,Yes,5.43,20.31,245.75
TX1690,V5580,U1644,ORD1690,13-03-2025 22:49,COD,43.03,Yes,4.65,16.25,22.13
TX1691,V5587,U1644,ORD1691,04-03-2025 03:15,wallet,169.8,No,0,2.73,167.07
TX1692,V5616,U1649,ORD1692,16-04-2025 08:50,credit_card,63.03,Yes,12.43,2.86,47.74
TX1693,V5617,U1649,ORD1693,29-04-2025 18:32,paypal,568.8,Yes,60.78,22.12,485.9
TX1694,V5618,U1649,ORD1694,13-03-2025 01:30,paypal,258.09,Yes,10.5,0.49,247.1
TX1695,V5619,U1649,ORD1695,28-03-2025 11:11,paypal,247.7,No,0,3.15,244.55
TX1696,V5624,U1650,ORD1696,22-05-2025 02:25,credit_card,177.12,Yes,28.7,6.66,141.76
TX1697,V5626,U1650,ORD1697,19-04-2025 08:11,COD,203.13,No,0,15.67,187.46
TX1698,V5627,U1650,ORD1698,03-04-2025 14:09,wallet,572.36,No,0,19.8,552.56
TX1699,V5643,U1652,ORD1699,29-04-2025 19:44,credit_card,33.57,Yes,3.53,2.24,27.8
TX1700,V5644,U1652,ORD1700,24-04-2025 09:23,paypal,470.04,Yes,97.56,9.09,363.39
TX1701,V5646,U1652,ORD1701,05-12-2025 08:16,wallet,10.01,No,0,20.56,-10.55
TX1702,V5647,U1652,ORD1702,31-05-2025 12:05,credit_card,334.27,Yes,6.2,23.13,304.94
TX1703,V5649,U1652,ORD1703,03-04-2025 08:52,paypal,455.25,Yes,59.97,12.23,383.05
TX1704,V5650,U1652,ORD1704,03-04-2025 03:40,credit_card,179.26,No,0,22.24,157.02
TX1705,V5651,U1652,ORD1705,20-04-2025 05:27,COD,188.74,Yes,40.84,5.48,142.42
TX1706,V5664,U1655,ORD1706,05-03-2025 14:05,COD,311.99,Yes,25.64,24.59,261.76
TX1707,V5667,U1655,ORD1707,04-12-2025 16:05,credit_card,309.48,No,0,14.84,294.64
TX1708,V5669,U1656,ORD1708,21-03-2025 02:50,credit_card,145.08,No,0,16.17,128.91
TX1709,V5670,U1656,ORD1709,19-03-2025 10:01,credit_card,199.62,Yes,6.1,21.16,172.36
TX1710,V5671,U1656,ORD1710,05-07-2025 19:57,paypal,245.97,No,0,6.32,239.65
TX1711,V5674,U1656,ORD1711,03-12-2025 07:45,COD,43.86,Yes,6.47,7.07,30.32
TX1712,V5701,U1660,ORD1712,19-05-2025 08:12,wallet,325.35,No,0,17.66,307.69
TX1713,V5706,U1660,ORD1713,04-06-2025 15:01,wallet,374.58,No,0,24.76,349.82
TX1714,V5708,U1660,ORD1714,04-02-2025 11:43,paypal,370.81,Yes,3.54,3.44,363.83
TX1715,V5709,U1660,ORD1715,03-02-2025 04:26,wallet,266.77,Yes,26.09,3.91,236.77
TX1716,V5710,U1660,ORD1716,05-07-2025 06:50,COD,185.49,Yes,20.17,22.43,142.89
TX1717,V5721,U1662,ORD1717,05-10-2025 08:01,wallet,849.1,No,0,11.56,837.54
TX1718,V5723,U1662,ORD1718,23-05-2025 17:44,wallet,128.28,Yes,26.61,15.76,85.91
TX1719,V5724,U1662,ORD1719,03-09-2025 13:21,wallet,77.55,Yes,8.97,4.71,63.87
TX1720,V5733,U1664,ORD1720,29-03-2025 04:26,credit_card,371.17,Yes,24.67,22.37,324.13
TX1721,V5740,U1664,ORD1721,03-04-2025 13:33,credit_card,7.51,Yes,1.57,5.91,0.03
TX1722,V5767,U1668,ORD1722,03-04-2025 01:14,paypal,34.38,Yes,3.75,6.64,23.99
TX1723,V5769,U1668,ORD1723,03-02-2025 22:13,wallet,374.85,Yes,90.04,0.6,284.21
TX1724,V5771,U1668,ORD1724,23-05-2025 18:10,COD,102.86,No,0,7.88,94.98
TX1725,V5773,U1668,ORD1725,24-03-2025 01:24,COD,587.92,Yes,131.84,15.24,440.84
TX1726,V5786,U1670,ORD1726,05-07-2025 08:58,wallet,334.75,Yes,8.29,5.23,321.23
TX1727,V5789,U1670,ORD1727,05-09-2025 06:00,credit_card,388.83,No,0,8.4,380.43
TX1728,V5790,U1670,ORD1728,29-05-2025 20:04,paypal,549.09,No,0,22.65,526.44
TX1729,V5791,U1670,ORD1729,27-04-2025 19:32,COD,223.54,Yes,26.95,6.6,189.99
TX1730,V5792,U1670,ORD1730,13-03-2025 06:23,COD,129.85,No,0,5.16,124.69
TX1731,V5793,U1670,ORD1731,04-01-2025 14:05,COD,300.2,No,0,1.15,299.05
TX1732,V5840,U1677,ORD1732,05-08-2025 03:06,credit_card,51.05,No,0,1.58,49.47
TX1733,V5842,U1677,ORD1733,05-02-2025 23:50,credit_card,210.26,Yes,36.28,22.28,151.7
TX1734,V5843,U1677,ORD1734,16-03-2025 05:12,wallet,439.17,Yes,91.76,1.52,345.89
TX1735,V5845,U1678,ORD1735,13-05-2025 23:02,paypal,611.79,Yes,28.66,23.35,559.78
TX1736,V5846,U1678,ORD1736,25-03-2025 06:33,COD,140.8,No,0,11.65,129.15
TX1737,V5847,U1678,ORD1737,28-05-2025 07:23,wallet,270.98,No,0,5.09,265.89
TX1738,V5849,U1678,ORD1738,03-04-2025 21:36,wallet,462,No,0,23.13,438.87
TX1739,V5850,U1678,ORD1739,05-05-2025 14:18,paypal,1158.51,Yes,44.02,9.27,1105.22
TX1740,V5851,U1678,ORD1740,14-04-2025 10:43,credit_card,583.7,Yes,98.87,9.75,475.08
TX1741,V5905,U1687,ORD1741,03-04-2025 01:40,COD,720.55,No,0,10.1,710.45
TX1742,V5907,U1687,ORD1742,04-02-2025 18:24,paypal,10.23,No,0,16.88,-6.65
TX1743,V5917,U1689,ORD1743,03-12-2025 08:53,wallet,228.88,No,0,1.77,227.11
TX1744,V5921,U1689,ORD1744,23-03-2025 06:56,wallet,326.7,Yes,62.7,11.2,252.8
TX1745,V5922,U1689,ORD1745,19-04-2025 08:24,wallet,246.43,No,0,6.45,239.98
TX1746,V5924,U1689,ORD1746,16-05-2025 07:28,credit_card,486.59,No,0,23.67,462.92
TX1747,V5945,U1692,ORD1747,04-10-2025 14:06,paypal,51.4,Yes,6.49,2.95,41.96
TX1748,V5946,U1692,ORD1748,23-03-2025 08:13,wallet,405.92,Yes,95.52,0.98,309.42
TX1749,V5970,U1695,ORD1749,05-09-2025 05:23,COD,1367.95,Yes,191.06,19.38,1157.51
TX1750,V5978,U1697,ORD1750,30-05-2025 14:36,COD,223.43,No,0,21.69,201.74
TX1751,V5979,U1697,ORD1751,16-03-2025 18:50,credit_card,1244.97,Yes,176.34,17.4,1051.23
TX1752,V5980,U1697,ORD1752,05-06-2025 23:39,wallet,66.84,Yes,16.42,15.01,35.41
TX1753,V5981,U1697,ORD1753,20-04-2025 21:06,paypal,940.96,No,0,8.81,932.15
TX1754,V5982,U1697,ORD1754,05-02-2025 08:32,wallet,138.62,No,0,3.38,135.24
TX1755,V6066,U1708,ORD1755,29-04-2025 02:54,credit_card,648.84,Yes,75.76,6.8,566.28
TX1756,V6067,U1708,ORD1756,20-05-2025 23:15,wallet,902.12,Yes,48.32,23.28,830.52
TX1757,V6089,U1713,ORD1757,17-03-2025 15:34,COD,139.65,No,0,15.78,123.87
TX1758,V6090,U1713,ORD1758,26-05-2025 13:18,paypal,225.5,Yes,18.16,10.6,196.74
TX1759,V6098,U1714,ORD1759,31-03-2025 19:52,paypal,1493.67,No,0,10.05,1483.62
TX1760,V6099,U1714,ORD1760,18-04-2025 20:08,wallet,57,Yes,15.55,23.39,18.06
TX1761,V6100,U1714,ORD1761,21-05-2025 09:22,COD,179.01,No,0,12.86,166.15
TX1762,V6101,U1714,ORD1762,23-05-2025 00:21,credit_card,271.35,Yes,4.77,9.15,257.43
TX1763,V6108,U1716,ORD1763,05-02-2025 18:26,COD,119.18,Yes,21.3,2.28,95.6
TX1764,V6110,U1716,ORD1764,20-05-2025 06:21,wallet,271.56,Yes,24.91,3.85,242.8
TX1765,V6113,U1716,ORD1765,13-05-2025 05:12,COD,69.12,No,0,21.16,47.96
TX1766,V6114,U1716,ORD1766,24-04-2025 06:51,wallet,373.92,Yes,15.41,14.14,344.37
TX1767,V6118,U1717,ORD1767,28-04-2025 11:55,COD,114.57,No,0,1.62,112.95
TX1768,V6120,U1717,ORD1768,28-03-2025 15:13,wallet,270.88,No,0,17.08,253.8
TX1769,V6124,U1717,ORD1769,19-05-2025 11:34,credit_card,1035.1,Yes,50.5,18.52,966.08
TX1770,V6147,U1721,ORD1770,16-03-2025 06:47,wallet,75.66,Yes,19.69,23.23,32.74
TX1771,V6148,U1721,ORD1771,05-04-2025 00:26,COD,89.81,No,0,16.4,73.41
TX1772,V6149,U1721,ORD1772,26-04-2025 11:13,wallet,93.72,No,0,5.56,88.16
TX1773,V6151,U1721,ORD1773,24-05-2025 14:49,paypal,469.69,No,0,18.71,450.98
TX1774,V6199,U1731,ORD1774,27-04-2025 01:00,paypal,87.2,Yes,4.33,22.2,60.67
TX1775,V6200,U1731,ORD1775,22-03-2025 07:24,COD,95.69,No,0,24.61,71.08
TX1776,V6205,U1731,ORD1776,16-03-2025 23:41,wallet,862.72,No,0,12.99,849.73
TX1777,V6215,U1734,ORD1777,16-05-2025 13:26,credit_card,115.49,No,0,7.53,107.96
TX1778,V6216,U1734,ORD1778,26-04-2025 06:13,paypal,409.9,No,0,1.85,408.05
TX1779,V6217,U1734,ORD1779,24-05-2025 19:24,wallet,256.3,Yes,12.61,7.66,236.03
TX1780,V6218,U1734,ORD1780,04-03-2025 02:54,COD,167.07,No,0,12.6,154.47
TX1781,V6221,U1734,ORD1781,05-04-2025 00:30,paypal,79.4,No,0,21.91,57.49
TX1782,V6222,U1734,ORD1782,20-04-2025 00:10,wallet,81.13,Yes,8.38,16.34,56.41
TX1783,V6223,U1734,ORD1783,21-05-2025 15:38,paypal,650.46,No,0,16.84,633.62
TX1784,V6224,U1734,ORD1784,26-04-2025 02:03,COD,99.99,No,0,18.37,81.62
TX1785,V6225,U1734,ORD1785,17-04-2025 19:52,credit_card,540.65,Yes,96.4,18.85,425.4
TX1786,V6226,U1734,ORD1786,04-05-2025 15:27,wallet,284.58,No,0,20.22,264.36
TX1787,V6227,U1734,ORD1787,30-04-2025 02:09,credit_card,359.23,Yes,12.55,24.9,321.78
TX1788,V6242,U1737,ORD1788,30-03-2025 23:30,COD,810.02,No,0,14.48,795.54
TX1789,V6243,U1737,ORD1789,20-05-2025 18:43,credit_card,331.83,Yes,29.6,14.45,287.78
TX1790,V6244,U1737,ORD1790,04-09-2025 06:45,wallet,471.72,Yes,56.98,0.49,414.25
TX1791,V6262,U1740,ORD1791,20-03-2025 23:13,paypal,610.2,No,0,5.61,604.59
TX1792,V6264,U1740,ORD1792,03-07-2025 22:23,wallet,149.52,No,0,9.8,139.72
TX1793,V6268,U1741,ORD1793,13-05-2025 20:44,credit_card,419.24,Yes,7.76,16.64,394.84
TX1794,V6271,U1741,ORD1794,19-04-2025 17:04,credit_card,294.99,No,0,3.57,291.42
TX1795,V6321,U1749,ORD1795,03-04-2025 08:42,wallet,76.38,No,0,10.52,65.86
TX1796,V6322,U1749,ORD1796,05-10-2025 07:19,wallet,169.58,No,0,17.43,152.15
TX1797,V6340,U1753,ORD1797,29-05-2025 22:20,COD,251.93,Yes,22.95,3.31,225.67
TX1798,V6344,U1753,ORD1798,23-04-2025 16:52,credit_card,100.75,Yes,2.71,11.79,86.25
TX1799,V6345,U1753,ORD1799,25-05-2025 09:50,paypal,361.32,No,0,9.64,351.68
TX1800,V6347,U1753,ORD1800,27-05-2025 22:47,wallet,239.29,Yes,11.95,7.61,219.73
TX1801,V6348,U1753,ORD1801,04-02-2025 09:59,credit_card,1008.17,No,0,17.04,991.13
TX1802,V6385,U1761,ORD1802,14-05-2025 07:54,paypal,221.14,No,0,12.36,208.78
TX1803,V6398,U1764,ORD1803,17-05-2025 08:37,paypal,143.32,No,0,2.18,141.14
TX1804,V6399,U1764,ORD1804,30-05-2025 08:43,COD,36.34,Yes,8.16,19.38,8.8
TX1805,V6400,U1764,ORD1805,14-05-2025 05:13,COD,326.87,Yes,4.74,18.2,303.93
TX1806,V6401,U1764,ORD1806,18-05-2025 21:22,credit_card,1406.19,Yes,245.42,2.35,1158.42
TX1807,V6402,U1764,ORD1807,24-04-2025 03:16,wallet,254.43,No,0,24.46,229.97
TX1808,V6404,U1764,ORD1808,05-06-2025 20:47,COD,167.56,No,0,4.08,163.48
TX1809,V6416,U1767,ORD1809,05-06-2025 09:34,COD,223.14,Yes,22.29,1,199.85
TX1810,V6417,U1767,ORD1810,27-03-2025 16:22,paypal,314.1,No,0,17.22,296.88
TX1811,V6418,U1767,ORD1811,26-03-2025 22:23,credit_card,367.93,No,0,21.74,346.19
TX1812,V6419,U1767,ORD1812,24-04-2025 01:49,paypal,43.86,No,0,19.81,24.05
TX1813,V6422,U1767,ORD1813,30-04-2025 14:19,paypal,28.42,No,0,5.46,22.96
TX1814,V6423,U1767,ORD1814,04-07-2025 02:48,COD,1145.76,No,0,3.58,1142.18
TX1815,V6424,U1767,ORD1815,05-05-2025 12:07,wallet,32,Yes,8.1,18.34,5.56
TX1816,V6426,U1767,ORD1816,19-05-2025 02:02,credit_card,614.01,Yes,45.28,1.07,567.66
TX1817,V6522,U1783,ORD1817,18-05-2025 03:49,COD,939.45,Yes,71.9,9.02,858.53
TX1818,V6552,U1787,ORD1818,16-05-2025 08:23,paypal,143.86,No,0,14.41,129.45
TX1819,V6553,U1787,ORD1819,27-05-2025 19:51,credit_card,412.62,No,0,12.98,399.64
TX1820,V6555,U1787,ORD1820,03-02-2025 16:08,COD,162.34,No,0,14.62,147.72
TX1821,V6560,U1787,ORD1821,13-05-2025 10:58,wallet,949.98,Yes,16.19,11.52,922.27
TX1822,V6575,U1789,ORD1822,22-05-2025 00:43,wallet,658.17,No,0,22.52,635.65
TX1823,V6578,U1789,ORD1823,13-03-2025 10:07,wallet,618.06,No,0,1.87,616.19
TX1824,V6626,U1796,ORD1824,17-03-2025 18:32,wallet,74.61,Yes,9.21,1.65,63.75
TX1825,V6627,U1797,ORD1825,30-05-2025 01:22,wallet,117.14,No,0,21.89,95.25
TX1826,V6629,U1797,ORD1826,03-12-2025 17:16,paypal,1127.7,Yes,132.53,15.43,979.74
TX1827,V6632,U1798,ORD1827,03-11-2025 00:38,credit_card,1191.78,Yes,227.71,9.68,954.39
TX1828,V6633,U1798,ORD1828,24-04-2025 04:38,credit_card,75.73,No,0,4.33,71.4
TX1829,V6636,U1798,ORD1829,29-04-2025 09:21,paypal,8.71,Yes,0.93,3.96,3.82
TX1830,V6639,U1798,ORD1830,18-05-2025 12:47,COD,287.97,Yes,78.47,19.15,190.35
TX1831,V6641,U1798,ORD1831,22-05-2025 09:52,credit_card,403.19,No,0,7.04,396.15
TX1832,V6644,U1799,ORD1832,27-04-2025 00:54,COD,269.91,Yes,11.12,18.87,239.92
TX1833,V6645,U1799,ORD1833,05-11-2025 06:53,credit_card,973.31,No,0,1.55,971.76
TX1834,V6647,U1799,ORD1834,21-05-2025 19:27,COD,1049.31,Yes,22.38,20.97,1005.96
TX1835,V6649,U1800,ORD1835,13-03-2025 05:25,wallet,364.87,Yes,37.6,19.22,308.05
TX1836,V6650,U1800,ORD1836,05-09-2025 19:51,COD,344.16,Yes,18.24,6.68,319.24
TX1837,V6652,U1800,ORD1837,13-04-2025 20:32,paypal,51.89,No,0,10.18,41.71
TX1838,V6653,U1800,ORD1838,04-12-2025 01:15,credit_card,100.23,No,0,17.61,82.62
TX1839,V6655,U1800,ORD1839,24-05-2025 10:26,paypal,143.42,Yes,38,18.67,86.75
TX1840,V6664,U1802,ORD1840,28-03-2025 12:22,paypal,1155.24,Yes,161.34,13.05,980.85
TX1841,V6716,U1810,ORD1841,13-03-2025 01:50,wallet,650.73,Yes,9.64,14.8,626.29
TX1842,V6718,U1810,ORD1842,15-05-2025 16:06,COD,153.76,No,0,1.19,152.57
TX1843,V6721,U1811,ORD1843,05-06-2025 04:32,COD,184.02,No,0,19.88,164.14
TX1844,V6726,U1811,ORD1844,05-07-2025 18:03,paypal,1297.68,Yes,162.23,5.74,1129.71
TX1845,V6760,U1816,ORD1845,05-11-2025 00:54,paypal,188.11,No,0,20.2,167.91
TX1846,V6761,U1816,ORD1846,19-05-2025 13:45,paypal,1013.05,No,0,13.43,999.62
TX1847,V6762,U1816,ORD1847,03-11-2025 03:18,COD,455.25,No,0,1.8,453.45
TX1848,V6764,U1816,ORD1848,29-05-2025 23:38,credit_card,195.87,Yes,39.21,9.55,147.11
TX1849,V6806,U1822,ORD1849,29-05-2025 06:21,paypal,225.39,No,0,2.96,222.43
TX1850,V6807,U1822,ORD1850,03-12-2025 02:39,paypal,119.43,Yes,11.2,18.9,89.33
TX1851,V6808,U1822,ORD1851,28-04-2025 06:35,wallet,25.61,No,0,23.08,2.53
TX1852,V6809,U1822,ORD1852,04-09-2025 22:23,paypal,287.2,No,0,19.73,267.47
TX1853,V6810,U1822,ORD1853,20-05-2025 18:28,credit_card,391.85,No,0,9.9,381.95
TX1854,V6811,U1822,ORD1854,24-05-2025 07:19,wallet,340.75,No,0,8.76,331.99
TX1855,V6813,U1823,ORD1855,04-12-2025 16:40,paypal,72.35,Yes,7.84,20.15,44.36
TX1856,V6814,U1823,ORD1856,13-05-2025 17:26,COD,1397.49,Yes,210.68,15.28,1171.53
TX1857,V6815,U1824,ORD1857,31-03-2025 06:04,credit_card,65.93,No,0,6.06,59.87
TX1858,V6817,U1824,ORD1858,03-11-2025 04:16,wallet,202.69,No,0,16.25,186.44
TX1859,V6818,U1824,ORD1859,05-03-2025 21:42,credit_card,61.15,No,0,10.94,50.21
TX1860,V6830,U1826,ORD1860,04-06-2025 18:32,paypal,673.13,Yes,12.2,0.54,660.39
TX1861,V6832,U1826,ORD1861,13-03-2025 06:22,paypal,1163.26,No,0,16.24,1147.02
TX1862,V6835,U1826,ORD1862,15-05-2025 06:02,credit_card,156.68,No,0,24.58,132.1
TX1863,V6837,U1826,ORD1863,17-04-2025 22:02,paypal,330.34,No,0,22.57,307.77
TX1864,V6839,U1826,ORD1864,04-01-2025 23:46,wallet,890.12,Yes,131.82,12.81,745.49
TX1865,V6842,U1827,ORD1865,03-12-2025 00:16,wallet,122.92,Yes,6.29,17.42,99.21
TX1866,V6843,U1827,ORD1866,17-03-2025 12:23,credit_card,93.23,No,0,8.31,84.92
TX1867,V6844,U1827,ORD1867,24-05-2025 17:11,wallet,1119.81,Yes,172.38,19.99,927.44
TX1868,V6845,U1827,ORD1868,18-04-2025 19:20,credit_card,330.65,Yes,33.8,23.82,273.03
TX1869,V6847,U1827,ORD1869,15-03-2025 23:19,wallet,386.89,Yes,15.85,16.04,355
TX1870,V6852,U1829,ORD1870,23-03-2025 17:36,credit_card,407.74,Yes,59.36,4.48,343.9
TX1871,V6853,U1829,ORD1871,15-05-2025 03:11,COD,6.09,No,0,1.75,4.34
TX1872,V6854,U1829,ORD1872,26-03-2025 12:15,credit_card,151.92,Yes,4.6,1.03,146.29
TX1873,V6855,U1829,ORD1873,04-01-2025 01:44,paypal,322.69,No,0,15.44,307.25
TX1874,V6856,U1829,ORD1874,04-04-2025 02:17,credit_card,274.58,No,0,16.69,257.89
TX1875,V6859,U1829,ORD1875,25-04-2025 06:16,wallet,53.52,No,0,1.53,51.99
TX1876,V6860,U1829,ORD1876,04-11-2025 04:17,paypal,840.49,No,0,17.78,822.71
TX1877,V6901,U1836,ORD1877,30-04-2025 00:43,wallet,1051.93,No,0,18.58,1033.35
TX1878,V6903,U1836,ORD1878,22-04-2025 08:14,COD,121.62,Yes,7.79,5.5,108.33
TX1879,V6907,U1836,ORD1879,30-05-2025 05:15,paypal,1235.21,Yes,79.28,0.44,1155.49
TX1880,V6908,U1836,ORD1880,05-11-2025 12:01,paypal,53.48,No,0,5.12,48.36
TX1881,V6910,U1837,ORD1881,18-03-2025 10:42,wallet,722.43,Yes,107.08,14.07,601.28
TX1882,V6911,U1837,ORD1882,05-09-2025 15:15,COD,187.44,Yes,45.1,3.01,139.33
TX1883,V6913,U1837,ORD1883,04-01-2025 05:16,wallet,349.54,No,0,12.25,337.29
TX1884,V6914,U1837,ORD1884,18-03-2025 10:37,paypal,227.49,Yes,15.04,1.85,210.6
TX1885,V6953,U1845,ORD1885,26-05-2025 01:21,COD,443.29,Yes,5.48,15.78,422.03
TX1886,V6954,U1845,ORD1886,05-05-2025 19:42,wallet,17.19,No,0,21.62,-4.43
TX1887,V6955,U1845,ORD1887,16-04-2025 14:07,COD,28.6,Yes,6.93,15.77,5.9
TX1888,V6956,U1845,ORD1888,18-03-2025 20:41,COD,384.07,No,0,16.57,367.5
TX1889,V6957,U1845,ORD1889,17-05-2025 20:22,wallet,7.51,No,0,19.36,-11.85
TX1890,V6958,U1845,ORD1890,23-03-2025 11:20,COD,195.06,No,0,9.53,185.53
TX1891,V6975,U1849,ORD1891,16-04-2025 12:36,wallet,676.55,Yes,23.87,22.66,630.02
TX1892,V6977,U1849,ORD1892,21-04-2025 12:18,wallet,1816.26,No,0,17.72,1798.54
TX1893,V6978,U1849,ORD1893,23-04-2025 08:35,paypal,1044.38,Yes,151.28,24.42,868.68
TX1894,V6980,U1849,ORD1894,22-05-2025 13:26,COD,47.13,No,0,24.41,22.72
TX1895,V6981,U1849,ORD1895,17-03-2025 19:04,wallet,971.9,No,0,7.53,964.37
TX1896,V7054,U1859,ORD1896,03-03-2025 13:01,COD,507.72,No,0,2.12,505.6
TX1897,V7094,U1865,ORD1897,14-05-2025 03:13,wallet,1199.98,No,0,2.09,1197.89
TX1898,V7096,U1866,ORD1898,03-07-2025 08:16,credit_card,174.76,No,0,4.38,170.38
TX1899,V7098,U1866,ORD1899,19-03-2025 12:46,COD,119.68,Yes,28.29,4.52,86.87
TX1900,V7101,U1866,ORD1900,24-03-2025 15:31,paypal,856.33,Yes,73.35,10.44,772.54
TX1901,V7103,U1866,ORD1901,26-05-2025 12:51,paypal,298.87,Yes,52.82,21.12,224.93
TX1902,V7104,U1866,ORD1902,19-03-2025 02:42,paypal,153.42,No,0,11.43,141.99
TX1903,V7106,U1867,ORD1903,13-04-2025 01:20,credit_card,87.14,Yes,2.09,19.34,65.71
TX1904,V7107,U1867,ORD1904,03-11-2025 11:20,COD,155.53,Yes,46.05,21.54,87.94
TX1905,V7108,U1867,ORD1905,04-05-2025 07:34,wallet,1655.1,Yes,77.19,0.88,1577.03
TX1906,V7109,U1867,ORD1906,04-05-2025 17:16,COD,19.66,Yes,2.51,18.68,-1.53
TX1907,V7112,U1868,ORD1907,22-05-2025 12:52,paypal,745.12,Yes,10.86,13.79,720.47
TX1908,V7113,U1868,ORD1908,05-07-2025 15:55,paypal,163.4,Yes,3.81,15.88,143.71
TX1909,V7116,U1868,ORD1909,04-08-2025 23:42,wallet,105.66,No,0,7.28,98.38
TX1910,V7182,U1879,ORD1910,16-05-2025 17:29,paypal,59.39,Yes,12,5.63,41.76
TX1911,V7183,U1879,ORD1911,03-09-2025 23:38,COD,418.87,Yes,93.52,14.73,310.62
TX1912,V7185,U1879,ORD1912,14-03-2025 19:37,paypal,50.08,Yes,12.41,19.51,18.16
TX1913,V7214,U1883,ORD1913,04-09-2025 15:47,wallet,142.76,Yes,19.45,9.32,113.99
TX1914,V7215,U1883,ORD1914,04-03-2025 07:13,wallet,1143.78,No,0,21.74,1122.04
TX1915,V7216,U1883,ORD1915,29-03-2025 08:53,paypal,542.92,No,0,7.76,535.16
TX1916,V7217,U1883,ORD1916,05-06-2025 15:16,paypal,31.46,No,0,7.18,24.28
TX1917,V7219,U1884,ORD1917,29-04-2025 10:58,credit_card,179.73,Yes,16.71,18.64,144.38
TX1918,V7220,U1884,ORD1918,22-04-2025 11:34,wallet,132.69,No,0,17.18,115.51
TX1919,V7222,U1884,ORD1919,05-06-2025 10:55,COD,249.17,No,0,1.14,248.03
TX1920,V7223,U1884,ORD1920,27-04-2025 08:28,wallet,341.03,Yes,25.42,0.47,315.14
TX1921,V7225,U1884,ORD1921,30-04-2025 02:57,COD,142.76,Yes,35.42,5.95,101.39
TX1922,V7227,U1884,ORD1922,04-06-2025 03:08,wallet,736.41,No,0,7.97,728.44
TX1923,V7281,U1892,ORD1923,28-04-2025 09:09,credit_card,659.16,Yes,42.92,15.99,600.25
TX1924,V7282,U1893,ORD1924,20-03-2025 20:28,COD,21.23,Yes,5.68,5.79,9.76
TX1925,V7283,U1893,ORD1925,19-05-2025 21:02,wallet,197.58,Yes,41.44,5.6,150.54
TX1926,V7287,U1893,ORD1926,28-03-2025 12:26,wallet,365.04,No,0,23.63,341.41
TX1927,V7288,U1893,ORD1927,03-12-2025 22:14,wallet,535.81,Yes,102.23,9.6,423.98
TX1928,V7289,U1894,ORD1928,18-04-2025 22:54,wallet,520.85,No,0,7.97,512.88
TX1929,V7291,U1894,ORD1929,28-05-2025 07:54,wallet,55.16,No,0,12.09,43.07
TX1930,V7292,U1894,ORD1930,05-08-2025 15:23,credit_card,1017.06,No,0,9.06,1008
TX1931,V7300,U1896,ORD1931,03-03-2025 21:49,credit_card,483.75,Yes,40.48,8.71,434.56
TX1932,V7301,U1896,ORD1932,04-02-2025 20:26,paypal,155.22,Yes,16.43,22.94,115.85
TX1933,V7307,U1896,ORD1933,25-03-2025 18:20,paypal,295.78,No,0,8.92,286.86
TX1934,V7308,U1896,ORD1934,03-09-2025 20:50,wallet,441.63,No,0,6.36,435.27
TX1935,V7330,U1899,ORD1935,05-03-2025 07:42,paypal,1369.38,No,0,12.82,1356.56
TX1936,V7331,U1899,ORD1936,30-03-2025 09:40,paypal,345.75,No,0,23.13,322.62
TX1937,V7332,U1899,ORD1937,04-09-2025 22:47,wallet,221.03,Yes,45.42,6.44,169.17
TX1938,V7333,U1899,ORD1938,20-03-2025 05:35,credit_card,89.32,Yes,16.59,14.95,57.78
TX1939,V7334,U1900,ORD1939,14-05-2025 05:05,COD,167.35,No,0,11.89,155.46
TX1940,V7335,U1900,ORD1940,05-11-2025 01:26,wallet,874.22,No,0,1.51,872.71
TX1941,V7338,U1901,ORD1941,29-05-2025 19:55,credit_card,313.8,Yes,69.56,4.87,239.37
TX1942,V7343,U1902,ORD1942,22-04-2025 22:19,wallet,77.65,Yes,12.73,17.26,47.66
TX1943,V7349,U1902,ORD1943,31-05-2025 20:49,credit_card,135.93,No,0,13.03,122.9
TX1944,V7362,U1904,ORD1944,28-03-2025 23:15,credit_card,243.39,Yes,63.01,5.56,174.82
TX1945,V7363,U1904,ORD1945,15-04-2025 07:33,credit_card,481.33,Yes,21.07,11.02,449.24
TX1946,V7364,U1904,ORD1946,17-05-2025 16:26,paypal,202.49,No,0,1.01,201.48
TX1947,V7365,U1904,ORD1947,04-02-2025 09:21,wallet,34.64,Yes,6.4,2.56,25.68
TX1948,V7386,U1907,ORD1948,05-05-2025 20:10,wallet,450.34,Yes,10.4,9.63,430.31
TX1949,V7425,U1914,ORD1949,05-01-2025 19:38,credit_card,137.77,Yes,0.75,9.28,127.74
TX1950,V7426,U1914,ORD1950,05-04-2025 16:46,credit_card,389.02,Yes,1.83,15.23,371.96
TX1951,V7427,U1914,ORD1951,05-08-2025 06:27,COD,884.49,No,0,22.09,862.4
TX1952,V7429,U1914,ORD1952,04-02-2025 14:28,paypal,909.18,Yes,240.04,17.98,651.16
TX1953,V7437,U1916,ORD1953,31-05-2025 08:52,paypal,1487.9,No,0,16.11,1471.79
TX1954,V7440,U1917,ORD1954,23-04-2025 15:12,paypal,38.18,No,0,21.85,16.33
TX1955,V7441,U1917,ORD1955,04-03-2025 12:24,credit_card,408.04,Yes,2.86,23.75,381.43
TX1956,V7442,U1918,ORD1956,15-04-2025 17:14,wallet,584.85,No,0,8.98,575.87
TX1957,V7443,U1918,ORD1957,19-03-2025 00:25,credit_card,403.28,No,0,10.62,392.66
TX1958,V7445,U1918,ORD1958,04-07-2025 20:16,credit_card,303.75,No,0,10.76,292.99
TX1959,V7470,U1922,ORD1959,19-03-2025 10:16,paypal,310.77,Yes,48.53,5.17,257.07
TX1960,V7472,U1922,ORD1960,30-05-2025 10:59,COD,48.52,Yes,1.32,8.24,38.96
TX1961,V7473,U1922,ORD1961,04-02-2025 17:00,wallet,10.04,No,0,14.21,-4.17
TX1962,V7474,U1922,ORD1962,30-03-2025 02:41,COD,129.89,Yes,7.08,23.43,99.38
TX1963,V7475,U1922,ORD1963,27-05-2025 14:12,credit_card,185.52,Yes,11.39,8.06,166.07
TX1964,V7477,U1922,ORD1964,15-04-2025 05:37,credit_card,176.37,Yes,50.66,24.9,100.81
TX1965,V7483,U1924,ORD1965,03-12-2025 09:00,COD,113.68,Yes,10.87,23.61,79.2
TX1966,V7484,U1924,ORD1966,29-04-2025 17:26,credit_card,232.89,No,0,22.15,210.74
TX1967,V7486,U1925,ORD1967,30-05-2025 16:07,credit_card,125.87,No,0,14.17,111.7
TX1968,V7487,U1925,ORD1968,17-03-2025 16:07,COD,62.16,Yes,8.63,1.5,52.03
TX1969,V7488,U1925,ORD1969,16-04-2025 04:01,paypal,251.71,Yes,44.42,23.57,183.72
TX1970,V7491,U1925,ORD1970,05-07-2025 07:13,wallet,45.09,No,0,24.71,20.38
TX1971,V7492,U1925,ORD1971,04-09-2025 11:51,wallet,1080.11,Yes,13.45,3.87,1062.79
TX1972,V7553,U1935,ORD1972,14-03-2025 08:33,wallet,160.56,Yes,45.98,14.82,99.76
TX1973,V7555,U1936,ORD1973,24-05-2025 13:57,credit_card,422.43,Yes,61.88,24.19,336.36
TX1974,V7558,U1936,ORD1974,23-05-2025 03:47,paypal,120.02,No,0,12.58,107.44
TX1975,V7570,U1938,ORD1975,19-04-2025 12:38,paypal,296.23,Yes,25.91,11.28,259.04
TX1976,V7571,U1938,ORD1976,21-04-2025 00:27,wallet,152.55,No,0,18.71,133.84
TX1977,V7572,U1938,ORD1977,04-07-2025 03:45,COD,238.62,Yes,65.65,13.84,159.13
TX1978,V7574,U1938,ORD1978,05-04-2025 07:49,COD,102.28,Yes,22.9,0.58,78.8
TX1979,V7584,U1941,ORD1979,30-04-2025 10:14,paypal,162.12,No,0,19.85,142.27
TX1980,V7585,U1941,ORD1980,05-10-2025 23:08,paypal,655.2,No,0,17.11,638.09
TX1981,V7589,U1942,ORD1981,26-04-2025 17:49,paypal,28.92,Yes,4.74,6.64,17.54
TX1982,V7590,U1942,ORD1982,05-02-2025 16:07,paypal,299.72,No,0,20.96,278.76
TX1983,V7591,U1942,ORD1983,03-03-2025 05:25,credit_card,60.18,No,0,11.23,48.95
TX1984,V7593,U1942,ORD1984,21-05-2025 08:10,credit_card,110.91,No,0,20.68,90.23
TX1985,V7597,U1942,ORD1985,04-06-2025 21:09,COD,413,No,0,5.74,407.26
TX1986,V7623,U1946,ORD1986,14-03-2025 18:51,credit_card,265.68,Yes,64.62,0.37,200.69
TX1987,V7625,U1946,ORD1987,21-03-2025 08:03,credit_card,196.1,No,0,8.25,187.85
TX1988,V7628,U1947,ORD1988,18-04-2025 08:08,paypal,561.09,No,0,20.98,540.11
TX1989,V7633,U1948,ORD1989,03-08-2025 22:13,wallet,309.24,Yes,89.8,11.56,207.88
TX1990,V7635,U1948,ORD1990,13-04-2025 01:41,paypal,277.68,No,0,8.07,269.61
TX1991,V7636,U1948,ORD1991,16-04-2025 08:14,COD,1118.35,Yes,20.58,21.2,1076.57
TX1992,V7638,U1948,ORD1992,27-04-2025 13:20,wallet,1009.08,Yes,74.73,1.88,932.47
TX1993,V7640,U1948,ORD1993,30-03-2025 23:57,paypal,64.6,No,0,16.22,48.38
TX1994,V7652,U1950,ORD1994,29-04-2025 04:15,COD,424.23,No,0,14.72,409.51
TX1995,V7653,U1950,ORD1995,18-04-2025 20:51,wallet,165.8,Yes,22.82,22.27,120.71
TX1996,V7656,U1950,ORD1996,21-04-2025 07:10,credit_card,1252.71,Yes,124.44,5.68,1122.59
TX1997,V7657,U1950,ORD1997,05-03-2025 13:36,credit_card,139.34,Yes,11.28,22.27,105.79
TX1998,V7658,U1950,ORD1998,27-03-2025 02:37,credit_card,1409.7,Yes,42.37,20.67,1346.66
TX1999,V7726,U1959,ORD1999,04-02-2025 13:54,credit_card,814.38,Yes,83.07,22.04,709.27
TX2000,V7728,U1959,ORD2000,21-03-2025 07:45,wallet,145.64,No,0,9.42,136.22
TX2001,V7729,U1959,ORD2001,22-03-2025 00:56,wallet,552.12,No,0,1.9,550.22
TX2002,V7733,U1959,ORD2002,24-03-2025 19:33,wallet,51.74,Yes,9.65,7.97,34.12
TX2003,V7754,U1963,ORD2003,05-11-2025 13:43,paypal,780.04,No,0,6.91,773.13
TX2004,V7757,U1963,ORD2004,27-04-2025 21:21,wallet,58.61,No,0,17.94,40.67
TX2005,V7814,U1973,ORD2005,15-04-2025 02:34,COD,402.56,No,0,13.36,389.2
TX2006,V7816,U1973,ORD2006,17-03-2025 16:39,wallet,134.01,Yes,34.84,24.64,74.53
TX2007,V7817,U1973,ORD2007,04-03-2025 23:57,wallet,69.86,No,0,10.35,59.51
TX2008,V7818,U1973,ORD2008,20-03-2025 10:19,paypal,46.14,No,0,11.48,34.66
TX2009,V7822,U1974,ORD2009,05-11-2025 23:03,COD,226.26,Yes,29.78,20.27,176.21
TX2010,V7823,U1974,ORD2010,13-04-2025 00:33,wallet,179.92,Yes,10.2,17,152.72
TX2011,V7826,U1974,ORD2011,03-01-2025 16:48,credit_card,70.15,Yes,19.37,10.53,40.25
TX2012,V7827,U1975,ORD2012,22-05-2025 07:53,credit_card,444.34,Yes,21.28,3.8,419.26
TX2013,V7830,U1975,ORD2013,13-04-2025 04:19,COD,490.89,No,0,7.1,483.79
TX2014,V7844,U1977,ORD2014,21-03-2025 11:21,COD,408.83,No,0,2.65,406.18
TX2015,V7845,U1977,ORD2015,18-03-2025 19:07,credit_card,204.18,No,0,13.95,190.23
TX2016,V7846,U1977,ORD2016,03-04-2025 02:06,paypal,282.4,Yes,14.06,7.03,261.31
TX2017,V7847,U1978,ORD2017,29-04-2025 05:34,credit_card,459.17,No,0,16.61,442.56
TX2018,V7850,U1978,ORD2018,22-04-2025 14:28,paypal,64.17,Yes,16.32,19.77,28.08
TX2019,V7851,U1978,ORD2019,03-08-2025 12:24,wallet,142.19,No,0,3.58,138.61
TX2020,V7853,U1978,ORD2020,30-05-2025 22:28,COD,220.35,Yes,19.82,9.31,191.22
TX2021,V7855,U1978,ORD2021,21-03-2025 18:59,credit_card,676.03,No,0,19.24,656.79
TX2022,V7857,U1978,ORD2022,28-03-2025 14:39,wallet,21.51,No,0,5.77,15.74
TX2023,V7858,U1978,ORD2023,31-05-2025 07:44,paypal,68.81,Yes,2.2,15.46,51.15
TX2024,V7918,U1986,ORD2024,05-05-2025 10:07,COD,428.62,No,0,4.57,424.05
TX2025,V7919,U1986,ORD2025,04-06-2025 21:07,credit_card,547.05,No,0,22.3,524.75
TX2026,V7922,U1986,ORD2026,19-03-2025 17:46,credit_card,106.56,No,0,4.56,102
TX2027,V7924,U1986,ORD2027,15-03-2025 22:44,credit_card,133.36,Yes,0.72,21.12,111.52
TX2028,V7932,U1989,ORD2028,04-09-2025 06:34,credit_card,1128.32,Yes,82.51,11.69,1034.12
TX2029,V7933,U1989,ORD2029,04-06-2025 17:34,COD,431.32,No,0,13.53,417.79
TX2030,V7945,U1991,ORD2030,05-11-2025 20:35,COD,562.7,No,0,3.82,558.88
TX2031,V7949,U1991,ORD2031,23-03-2025 09:55,paypal,24.55,Yes,1.31,19.9,3.34
TX2032,V7950,U1991,ORD2032,04-12-2025 07:23,wallet,1636.05,No,0,13.61,1622.44
TX2033,V7951,U1991,ORD2033,03-12-2025 23:56,credit_card,84.58,No,0,16.73,67.85
TX2034,V7952,U1991,ORD2034,16-04-2025 13:12,wallet,271.5,Yes,47.18,16.61,207.71
TX2035,V7970,U1994,ORD2035,22-03-2025 09:01,wallet,432.97,Yes,57.32,11.39,364.26
TX2036,V7971,U1994,ORD2036,14-03-2025 09:28,credit_card,190.34,No,0,11.13,179.21
TX2037,V7977,U1995,ORD2037,30-04-2025 01:05,wallet,22.28,No,0,22.68,-0.4
TX2038,V7979,U1995,ORD2038,26-03-2025 04:06,COD,1519.71,No,0,18.37,1501.34
TX2039,V7980,U1995,ORD2039,05-11-2025 23:05,COD,78.78,Yes,23,15.79,39.99
TX2040,V7997,U1998,ORD2040,19-03-2025 00:29,credit_card,384.83,Yes,11.78,4.16,368.89
TX2041,V7998,U1998,ORD2041,15-03-2025 20:06,credit_card,1835.79,Yes,240.91,13.51,1581.37
TX2042,V8001,U1998,ORD2042,17-03-2025 20:13,paypal,220.23,No,0,4.84,215.39
TX2043,V8003,U1998,ORD2043,26-04-2025 12:03,COD,1285.86,Yes,257.76,23.51,1004.59
TX2044,V8004,U1998,ORD2044,17-04-2025 06:26,credit_card,417.55,No,0,3.82,413.73
TX2045,V8005,U1998,ORD2045,04-05-2025 03:20,wallet,404,Yes,22.64,12.31,369.05
