transaction_id,visit_id,user_id,order_id,purchase_date,payment_method,Total_amount_per_transaction
TX1000,V1018,U1002,ORD1000,13-03-2025 16:48,credit_card,72.83
TX1001,V1021,U1002,ORD1001,26-04-2025 22:00,COD,395.84
TX1002,V1023,U1002,ORD1002,07-05-2025 10:06,paypal,833.42
TX1003,V1027,U1002,ORD1003,18-04-2025 18:53,COD,30.75
TX1004,V1033,U1003,ORD1004,16-03-2025 20:39,COD,24.03
TX1005,V1034,U1003,ORD1005,23-04-2025 22:47,credit_card,19.44
TX1006,V1037,U1003,ORD1006,01-04-2025 05:03,paypal,113.25
TX1007,V1045,U1005,ORD1007,14-03-2025 12:56,COD,289.06
TX1008,V1048,U1005,ORD1008,13-04-2025 00:26,COD,343.89
TX1009,V1049,U1005,ORD1009,30-03-2025 21:44,paypal,74.59
TX1010,V1050,U1005,ORD1010,08-05-2025 15:12,COD,112.61
TX1011,V1056,U1007,ORD1011,21-05-2025 10:11,COD,6.08
TX1012,V1057,U1007,ORD1012,29-05-2025 21:52,credit_card,504.14
TX1013,V1058,U1007,ORD1013,24-04-2025 07:07,COD,143.44
TX1014,V1059,U1007,ORD1014,08-03-2025 18:29,credit_card,75.5
TX1015,V1060,U1007,ORD1015,16-03-2025 04:14,credit_card,80.49
TX1016,V1061,U1007,ORD1016,31-03-2025 06:58,paypal,31.43
TX1017,V1062,U1007,ORD1017,26-03-2025 23:38,credit_card,22.72
TX1018,V1076,U1009,ORD1018,08-05-2025 02:01,paypal,425.46
TX1019,V1078,U1009,ORD1019,17-03-2025 19:09,credit_card,121.07
TX1020,V1080,U1009,ORD1020,11-04-2025 14:54,COD,135.89
TX1021,V1081,U1009,ORD1021,03-04-2025 03:22,credit_card,168.37
TX1022,V1088,U1010,ORD1022,17-04-2025 08:59,COD,233.53
TX1023,V1089,U1010,ORD1023,12-03-2025 05:06,paypal,969.91
TX1024,V1090,U1010,ORD1024,26-04-2025 16:33,credit_card,115.01
TX1025,V1189,U1023,ORD1025,01-04-2025 01:58,credit_card,112.19
TX1026,V1190,U1023,ORD1026,11-05-2025 15:51,wallet,237.56
TX1027,V1197,U1023,ORD1027,11-04-2025 22:33,paypal,6.66
TX1028,V1207,U1025,ORD1028,05-03-2025 06:57,paypal,21.05
TX1029,V1211,U1025,ORD1029,22-03-2025 23:29,COD,49.35
TX1030,V1213,U1025,ORD1030,11-05-2025 12:42,wallet,296.27
TX1031,V1214,U1025,ORD1031,13-04-2025 20:21,wallet,84.73
TX1032,V1234,U1030,ORD1032,30-04-2025 05:22,COD,93.24
TX1033,V1238,U1031,ORD1033,12-04-2025 16:07,wallet,10.58
TX1034,V1240,U1031,ORD1034,27-04-2025 05:13,wallet,33.24
TX1035,V1241,U1031,ORD1035,13-03-2025 01:12,credit_card,257.37
TX1036,V1246,U1033,ORD1036,04-05-2025 03:12,COD,27.88
TX1037,V1248,U1033,ORD1037,17-03-2025 15:23,paypal,503.85
TX1038,V1249,U1033,ORD1038,30-04-2025 19:53,COD,49.01
TX1039,V1250,U1033,ORD1039,18-05-2025 12:39,credit_card,24.65
TX1040,V1251,U1033,ORD1040,01-05-2025 03:07,wallet,3.18
TX1041,V1287,U1039,ORD1041,04-05-2025 05:41,wallet,135.09
TX1042,V1290,U1039,ORD1042,28-03-2025 11:11,wallet,92.46
TX1043,V1292,U1039,ORD1043,04-05-2025 21:08,wallet,115.31
TX1044,V1333,U1044,ORD1044,27-04-2025 12:57,paypal,105.55
TX1045,V1371,U1049,ORD1045,25-04-2025 11:18,paypal,73.28
TX1046,V1372,U1049,ORD1046,23-03-2025 18:03,COD,282.92
TX1047,V1374,U1049,ORD1047,07-05-2025 19:42,wallet,395.8
TX1048,V1375,U1049,ORD1048,06-04-2025 14:08,COD,253.07
TX1049,V1376,U1049,ORD1049,06-05-2025 22:29,wallet,57.9
TX1050,V1407,U1054,ORD1050,22-04-2025 22:52,wallet,160.16
TX1051,V1408,U1054,ORD1051,25-05-2025 06:43,COD,303.79
TX1052,V1410,U1054,ORD1052,21-04-2025 11:12,COD,236.49
TX1053,V1412,U1054,ORD1053,22-05-2025 03:04,wallet,650.6
TX1054,V1413,U1054,ORD1054,05-03-2025 04:50,COD,8.98
TX1055,V1416,U1054,ORD1055,12-05-2025 00:04,COD,128.41
TX1056,V1418,U1055,ORD1056,21-04-2025 15:39,credit_card,968.27
TX1057,V1419,U1055,ORD1057,01-05-2025 11:31,wallet,10.8
TX1058,V1420,U1055,ORD1058,19-03-2025 17:23,wallet,167.04
TX1059,V1421,U1055,ORD1059,13-04-2025 05:14,paypal,239.12
TX1060,V1422,U1055,ORD1060,26-05-2025 11:47,wallet,10.94
TX1061,V1423,U1055,ORD1061,16-05-2025 21:47,credit_card,143.68
TX1062,V1438,U1059,ORD1062,09-04-2025 15:54,wallet,46.97
TX1063,V1440,U1059,ORD1063,04-03-2025 14:02,COD,377.87
TX1064,V1446,U1060,ORD1064,01-04-2025 19:08,wallet,58.03
TX1065,V1448,U1060,ORD1065,09-05-2025 15:50,credit_card,19.29
TX1066,V1465,U1063,ORD1066,18-03-2025 05:46,COD,187.93
TX1067,V1468,U1063,ORD1067,07-03-2025 23:33,paypal,27.9
TX1068,V1470,U1063,ORD1068,11-05-2025 04:24,COD,112.81
TX1069,V1475,U1065,ORD1069,03-03-2025 00:13,credit_card,227.13
TX1070,V1476,U1065,ORD1070,16-05-2025 04:30,paypal,112.94
TX1071,V1477,U1065,ORD1071,03-03-2025 05:26,credit_card,26.68
TX1072,V1487,U1066,ORD1072,30-04-2025 01:56,wallet,957.01
TX1073,V1488,U1066,ORD1073,02-03-2025 20:18,COD,29.71
TX1074,V1490,U1067,ORD1074,28-03-2025 11:03,COD,348.11
TX1075,V1492,U1067,ORD1075,20-05-2025 06:01,credit_card,59.99
TX1076,V1511,U1070,ORD1076,13-05-2025 04:04,credit_card,1.36
TX1077,V1513,U1070,ORD1077,05-03-2025 21:30,COD,159.41
TX1078,V1521,U1072,ORD1078,16-04-2025 17:04,credit_card,319.5
TX1079,V1522,U1072,ORD1079,13-03-2025 00:20,COD,4.02
TX1080,V1542,U1076,ORD1080,18-04-2025 16:41,paypal,195.9
TX1081,V1543,U1076,ORD1081,11-05-2025 05:07,credit_card,122.2
TX1082,V1544,U1076,ORD1082,19-04-2025 05:49,credit_card,457.41
TX1083,V1546,U1076,ORD1083,27-05-2025 16:05,wallet,26.39
TX1084,V1549,U1076,ORD1084,01-03-2025 08:41,paypal,61.07
TX1085,V1551,U1076,ORD1085,02-05-2025 13:25,wallet,34.61
TX1086,V1554,U1077,ORD1086,18-05-2025 02:07,COD,32.99
TX1087,V1555,U1077,ORD1087,10-04-2025 23:09,paypal,85.05
TX1088,V1557,U1078,ORD1088,04-04-2025 13:44,wallet,173.72
TX1089,V1559,U1078,ORD1089,23-03-2025 06:46,wallet,1312.32
TX1090,V1577,U1081,ORD1090,17-05-2025 21:44,paypal,31.41
TX1091,V1578,U1081,ORD1091,03-05-2025 20:28,wallet,450.69
TX1092,V1579,U1081,ORD1092,16-04-2025 18:57,COD,219.05
TX1093,V1582,U1081,ORD1093,22-04-2025 17:13,credit_card,8.96
TX1094,V1583,U1081,ORD1094,02-04-2025 22:51,COD,663.74
TX1095,V1584,U1082,ORD1095,16-05-2025 23:49,COD,58.09
TX1096,V1586,U1082,ORD1096,13-05-2025 02:20,COD,39.97
TX1097,V1588,U1082,ORD1097,31-03-2025 05:31,paypal,158.57
TX1098,V1589,U1082,ORD1098,10-05-2025 23:17,COD,117.7
TX1099,V1591,U1082,ORD1099,23-04-2025 23:42,credit_card,91.04
TX1100,V1594,U1082,ORD1100,18-05-2025 06:03,COD,3.59
TX1101,V1609,U1086,ORD1101,04-03-2025 16:41,COD,50.51
TX1102,V1611,U1086,ORD1102,18-04-2025 21:13,wallet,22.18
TX1103,V1612,U1086,ORD1103,25-03-2025 23:44,wallet,56.39
TX1104,V1613,U1086,ORD1104,14-04-2025 06:01,credit_card,29.95
TX1105,V1614,U1086,ORD1105,30-03-2025 11:10,paypal,17.42
TX1106,V1625,U1088,ORD1106,04-04-2025 02:31,COD,117.26
TX1107,V1626,U1088,ORD1107,17-04-2025 14:34,paypal,72.94
TX1108,V1627,U1088,ORD1108,25-05-2025 07:17,wallet,5.61
TX1109,V1628,U1088,ORD1109,31-03-2025 11:11,COD,29.43
TX1110,V1629,U1088,ORD1110,02-04-2025 13:45,credit_card,86.32
TX1111,V1685,U1096,ORD1111,19-05-2025 11:46,paypal,184.44
TX1112,V1686,U1096,ORD1112,10-05-2025 07:10,COD,381.73
TX1113,V1687,U1096,ORD1113,06-05-2025 07:14,paypal,42.75
TX1114,V1690,U1096,ORD1114,15-05-2025 11:14,COD,141.48
TX1115,V1693,U1097,ORD1115,18-05-2025 21:36,COD,626.98
TX1116,V1697,U1097,ORD1116,04-05-2025 09:36,COD,462.11
TX1117,V1699,U1097,ORD1117,16-04-2025 10:27,credit_card,206.72
TX1118,V1700,U1097,ORD1118,23-03-2025 13:28,credit_card,99.74
TX1119,V1701,U1097,ORD1119,25-05-2025 01:29,COD,225.07
TX1120,V1705,U1097,ORD1120,08-05-2025 10:13,credit_card,1448.91
TX1121,V1720,U1101,ORD1121,18-05-2025 20:34,wallet,62.87
TX1122,V1721,U1101,ORD1122,02-04-2025 15:19,paypal,1013.06
TX1123,V1722,U1101,ORD1123,04-05-2025 00:19,credit_card,182.77
TX1124,V1724,U1101,ORD1124,22-04-2025 10:23,COD,236.09
TX1125,V1726,U1101,ORD1125,10-04-2025 08:23,credit_card,33.55
TX1126,V1727,U1101,ORD1126,01-05-2025 08:44,wallet,203.71
TX1127,V1766,U1107,ORD1127,14-04-2025 12:57,credit_card,98.23
TX1128,V1768,U1107,ORD1128,25-05-2025 14:32,credit_card,431.43
TX1129,V1770,U1107,ORD1129,17-05-2025 05:57,wallet,344.09
TX1130,V1771,U1107,ORD1130,06-05-2025 11:29,credit_card,243.97
TX1131,V1772,U1107,ORD1131,29-05-2025 13:15,COD,197.97
TX1132,V1773,U1107,ORD1132,01-06-2025 17:36,wallet,85.17
TX1133,V1775,U1107,ORD1133,04-04-2025 03:11,credit_card,261.86
TX1134,V1789,U1109,ORD1134,09-05-2025 03:17,paypal,212.62
TX1135,V1792,U1109,ORD1135,08-04-2025 09:57,COD,968.48
TX1136,V1794,U1109,ORD1136,22-04-2025 23:13,paypal,553.33
TX1137,V1797,U1110,ORD1137,21-03-2025 01:36,wallet,126.78
TX1138,V1798,U1110,ORD1138,09-04-2025 05:10,wallet,102.66
TX1139,V1801,U1110,ORD1139,16-03-2025 19:28,credit_card,127.19
TX1140,V1803,U1110,ORD1140,14-03-2025 10:33,COD,96.38
TX1141,V1856,U1118,ORD1141,11-05-2025 21:54,wallet,114.03
TX1142,V1857,U1118,ORD1142,11-04-2025 17:02,wallet,70.74
TX1143,V1858,U1118,ORD1143,17-05-2025 20:59,credit_card,142.02
TX1144,V1867,U1120,ORD1144,18-03-2025 05:58,wallet,60.95
TX1145,V1870,U1120,ORD1145,12-05-2025 15:13,wallet,348.86
TX1146,V1990,U1136,ORD1146,16-03-2025 05:14,credit_card,128.87
TX1147,V1991,U1136,ORD1147,15-05-2025 20:13,credit_card,59.76
TX1148,V1993,U1136,ORD1148,04-05-2025 03:05,paypal,400.54
TX1149,V1994,U1136,ORD1149,30-05-2025 06:32,credit_card,9.15
TX1150,V1995,U1136,ORD1150,10-05-2025 16:00,COD,447.36
TX1151,V1997,U1136,ORD1151,08-03-2025 18:54,COD,82.74
TX1152,V2003,U1137,ORD1152,02-05-2025 05:05,credit_card,21.2
TX1153,V2005,U1137,ORD1153,04-05-2025 19:38,wallet,330.13
TX1154,V2007,U1137,ORD1154,09-05-2025 00:14,COD,96.84
TX1155,V2019,U1139,ORD1155,08-05-2025 16:05,paypal,75.86
TX1156,V2020,U1139,ORD1156,17-05-2025 12:08,paypal,359.88
TX1157,V2027,U1141,ORD1157,11-03-2025 17:16,credit_card,92.6
TX1158,V2028,U1141,ORD1158,23-04-2025 12:46,COD,100.17
TX1159,V2029,U1141,ORD1159,04-04-2025 22:24,paypal,25.11
TX1160,V2031,U1141,ORD1160,15-05-2025 11:59,paypal,11.16
TX1161,V2032,U1141,ORD1161,29-03-2025 14:39,wallet,23.09
TX1162,V2034,U1141,ORD1162,25-04-2025 03:01,credit_card,71.47
TX1163,V2123,U1155,ORD1163,16-03-2025 09:25,wallet,723.05
TX1164,V2124,U1155,ORD1164,28-03-2025 03:21,wallet,87.58
TX1165,V2139,U1158,ORD1165,01-05-2025 08:11,credit_card,102.55
TX1166,V2140,U1158,ORD1166,25-05-2025 07:18,COD,34.27
TX1167,V2142,U1158,ORD1167,24-03-2025 05:57,credit_card,133.75
TX1168,V2144,U1158,ORD1168,04-05-2025 01:20,COD,572.67
TX1169,V2145,U1158,ORD1169,28-03-2025 21:07,wallet,7.88
TX1170,V2184,U1165,ORD1170,23-03-2025 14:42,credit_card,105.79
TX1171,V2185,U1165,ORD1171,30-04-2025 11:04,credit_card,75.4
TX1172,V2205,U1168,ORD1172,18-03-2025 04:58,credit_card,117.01
TX1173,V2206,U1168,ORD1173,24-04-2025 15:00,credit_card,130.41
TX1174,V2208,U1168,ORD1174,10-04-2025 01:19,wallet,323.5
TX1175,V2209,U1168,ORD1175,22-04-2025 05:48,COD,108.99
TX1176,V2210,U1168,ORD1176,24-05-2025 04:04,wallet,15.67
TX1177,V2211,U1168,ORD1177,29-04-2025 06:29,COD,106.27
TX1178,V2250,U1174,ORD1178,19-03-2025 12:57,credit_card,229.79
TX1179,V2253,U1174,ORD1179,09-05-2025 23:12,COD,25.54
TX1180,V2254,U1174,ORD1180,01-03-2025 16:10,credit_card,22.65
TX1181,V2256,U1174,ORD1181,08-04-2025 09:50,paypal,40.73
TX1182,V2344,U1184,ORD1182,23-03-2025 13:26,COD,14.71
TX1183,V2345,U1184,ORD1183,07-04-2025 10:35,paypal,41.29
TX1184,V2347,U1184,ORD1184,06-03-2025 13:15,paypal,39.54
TX1185,V2401,U1192,ORD1185,22-04-2025 09:40,COD,434.95
TX1186,V2402,U1192,ORD1186,17-05-2025 09:31,paypal,196.21
TX1187,V2403,U1192,ORD1187,16-05-2025 11:27,paypal,75.42
TX1188,V2425,U1196,ORD1188,14-04-2025 16:06,COD,139.33
TX1189,V2426,U1196,ORD1189,12-04-2025 07:26,COD,24.7
TX1190,V2427,U1196,ORD1190,14-04-2025 18:06,credit_card,24.19
TX1191,V2438,U1198,ORD1191,09-03-2025 09:03,credit_card,24.84
TX1192,V2440,U1198,ORD1192,06-04-2025 12:36,credit_card,26.15
TX1193,V2442,U1198,ORD1193,03-05-2025 23:31,paypal,82.17
TX1194,V2444,U1199,ORD1194,19-03-2025 19:31,paypal,166.44
TX1195,V2446,U1199,ORD1195,25-04-2025 09:20,wallet,633.34
TX1196,V2448,U1199,ORD1196,21-03-2025 05:18,COD,5.11
TX1197,V2469,U1204,ORD1197,05-03-2025 03:16,wallet,389.2
TX1198,V2489,U1208,ORD1198,27-03-2025 21:22,COD,194.89
TX1199,V2490,U1208,ORD1199,11-04-2025 22:32,COD,391.84
TX1200,V2492,U1208,ORD1200,05-04-2025 23:30,credit_card,138.45
TX1201,V2495,U1208,ORD1201,31-05-2025 22:46,wallet,7.87
TX1202,V2496,U1208,ORD1202,21-04-2025 15:23,COD,536.6
TX1203,V2498,U1208,ORD1203,19-03-2025 13:59,COD,271.81
TX1204,V2500,U1208,ORD1204,14-05-2025 16:45,COD,96.43
TX1205,V2501,U1208,ORD1205,22-04-2025 23:56,credit_card,144.33
TX1206,V2503,U1209,ORD1206,20-05-2025 13:38,wallet,151.02
TX1207,V2504,U1209,ORD1207,06-05-2025 18:05,paypal,104.41
TX1208,V2507,U1209,ORD1208,08-05-2025 05:57,COD,327.99
TX1209,V2511,U1209,ORD1209,03-03-2025 04:03,credit_card,154.34
TX1210,V2512,U1210,ORD1210,20-04-2025 08:25,credit_card,73.68
TX1211,V2513,U1210,ORD1211,06-04-2025 23:11,COD,10.23
TX1212,V2514,U1210,ORD1212,17-04-2025 04:53,paypal,162.3
TX1213,V2516,U1210,ORD1213,30-05-2025 02:17,credit_card,128.89
TX1214,V2517,U1210,ORD1214,11-03-2025 01:39,COD,392.26
TX1215,V2523,U1211,ORD1215,21-05-2025 13:20,credit_card,262.23
TX1216,V2524,U1211,ORD1216,21-04-2025 14:51,paypal,578.81
TX1217,V2525,U1211,ORD1217,23-04-2025 00:52,paypal,28.72
TX1218,V2529,U1211,ORD1218,15-04-2025 16:01,paypal,228.54
TX1219,V2530,U1211,ORD1219,09-03-2025 14:01,credit_card,10.37
TX1220,V2531,U1211,ORD1220,20-05-2025 00:02,COD,96.39
TX1221,V2532,U1211,ORD1221,30-05-2025 00:42,paypal,342.13
TX1222,V2533,U1211,ORD1222,17-04-2025 10:21,paypal,16.44
TX1223,V2539,U1213,ORD1223,04-04-2025 11:01,wallet,352.61
TX1224,V2540,U1213,ORD1224,08-05-2025 23:10,paypal,98.86
TX1225,V2541,U1213,ORD1225,04-03-2025 05:00,COD,209.91
TX1226,V2542,U1213,ORD1226,20-05-2025 22:05,wallet,221.4
TX1227,V2543,U1213,ORD1227,22-03-2025 21:07,COD,139.39
TX1228,V2546,U1213,ORD1228,23-03-2025 19:57,credit_card,45.24
TX1229,V2548,U1213,ORD1229,14-03-2025 02:25,credit_card,136.11
TX1230,V2564,U1215,ORD1230,11-03-2025 18:52,COD,23.53
TX1231,V2566,U1215,ORD1231,29-04-2025 08:16,paypal,19.82
TX1232,V2592,U1218,ORD1232,16-04-2025 14:10,wallet,54.03
TX1233,V2594,U1218,ORD1233,19-03-2025 19:22,COD,160.22
TX1234,V2595,U1218,ORD1234,06-05-2025 21:25,COD,13.16
TX1235,V2597,U1218,ORD1235,06-04-2025 04:47,COD,267.1
TX1236,V2598,U1218,ORD1236,11-04-2025 11:12,wallet,150.76
TX1237,V2614,U1221,ORD1237,23-05-2025 09:52,credit_card,183.77
TX1238,V2615,U1221,ORD1238,24-03-2025 20:19,credit_card,18.05
TX1239,V2616,U1221,ORD1239,11-04-2025 04:02,credit_card,50.75
TX1240,V2617,U1221,ORD1240,24-05-2025 06:08,paypal,304.59
TX1241,V2659,U1227,ORD1241,07-03-2025 18:09,COD,46.56
TX1242,V2660,U1227,ORD1242,08-03-2025 02:59,paypal,134.07
TX1243,V2662,U1227,ORD1243,18-03-2025 10:19,wallet,3.12
TX1244,V2663,U1227,ORD1244,28-04-2025 21:46,wallet,834.25
TX1245,V2666,U1227,ORD1245,01-05-2025 21:14,credit_card,360.52
TX1246,V2684,U1231,ORD1246,06-04-2025 17:55,paypal,4.44
TX1247,V2688,U1231,ORD1247,25-05-2025 04:47,paypal,91.54
TX1248,V2723,U1235,ORD1248,01-04-2025 09:14,credit_card,119.32
TX1249,V2725,U1235,ORD1249,07-05-2025 09:08,COD,483.06
TX1250,V2730,U1237,ORD1250,05-03-2025 23:05,COD,384.82
TX1251,V2731,U1237,ORD1251,05-05-2025 18:42,COD,319.29
TX1252,V2732,U1237,ORD1252,11-04-2025 16:26,wallet,106.18
TX1253,V2738,U1239,ORD1253,07-04-2025 10:11,wallet,17.61
TX1254,V2739,U1239,ORD1254,09-04-2025 03:28,wallet,59.83
TX1255,V2740,U1239,ORD1255,26-04-2025 21:06,wallet,52.34
TX1256,V2759,U1244,ORD1256,01-05-2025 10:21,wallet,26.04
TX1257,V2762,U1244,ORD1257,11-03-2025 03:44,wallet,93.51
TX1258,V2763,U1244,ORD1258,03-04-2025 02:53,wallet,43.97
TX1259,V2764,U1244,ORD1259,08-03-2025 03:44,credit_card,178.72
TX1260,V2774,U1247,ORD1260,21-03-2025 01:12,credit_card,366.86
TX1261,V2776,U1247,ORD1261,01-05-2025 03:16,credit_card,222.11
TX1262,V2785,U1249,ORD1262,21-05-2025 09:50,wallet,9.53
TX1263,V2786,U1250,ORD1263,15-04-2025 17:52,wallet,356.9
TX1264,V2787,U1250,ORD1264,31-05-2025 19:44,wallet,117.05
TX1265,V2788,U1250,ORD1265,22-04-2025 19:19,wallet,53.76
TX1266,V2789,U1250,ORD1266,30-04-2025 07:42,wallet,394.58
TX1267,V2790,U1250,ORD1267,14-05-2025 17:10,wallet,72.99
TX1268,V2792,U1250,ORD1268,25-04-2025 14:08,paypal,255.24
TX1269,V2794,U1250,ORD1269,21-04-2025 07:58,COD,102.7
TX1270,V2796,U1250,ORD1270,16-03-2025 06:16,wallet,16.59
TX1271,V2822,U1254,ORD1271,17-05-2025 00:03,paypal,10.18
TX1272,V2823,U1254,ORD1272,28-03-2025 16:15,COD,170.28
TX1273,V2824,U1254,ORD1273,25-04-2025 06:14,COD,61.99
TX1274,V2829,U1254,ORD1274,24-05-2025 10:58,COD,93.29
TX1275,V2837,U1256,ORD1275,11-03-2025 18:25,paypal,14.64
TX1276,V2838,U1256,ORD1276,22-05-2025 06:54,wallet,36.28
TX1277,V2839,U1256,ORD1277,22-05-2025 06:45,credit_card,122.31
TX1278,V2841,U1256,ORD1278,26-04-2025 06:27,COD,113.73
TX1279,V2854,U1259,ORD1279,13-05-2025 07:53,credit_card,150.17
TX1280,V2857,U1260,ORD1280,31-05-2025 12:52,credit_card,630.52
TX1281,V2860,U1261,ORD1281,23-03-2025 10:54,COD,232.9
TX1282,V2861,U1261,ORD1282,12-04-2025 20:03,paypal,65.45
TX1283,V2862,U1261,ORD1283,26-03-2025 07:34,credit_card,15.44
TX1284,V2882,U1265,ORD1284,05-05-2025 18:56,paypal,108.38
TX1285,V2885,U1265,ORD1285,02-05-2025 14:51,COD,108.46
TX1286,V2886,U1265,ORD1286,05-04-2025 21:30,credit_card,275.06
TX1287,V2887,U1265,ORD1287,19-05-2025 23:40,paypal,61.12
TX1288,V2888,U1265,ORD1288,13-03-2025 06:24,credit_card,48.65
TX1289,V2889,U1265,ORD1289,25-05-2025 13:08,COD,233.86
TX1290,V2890,U1265,ORD1290,24-05-2025 19:27,COD,205.77
TX1291,V2892,U1265,ORD1291,28-05-2025 10:57,credit_card,39.47
TX1292,V2893,U1265,ORD1292,30-05-2025 17:14,paypal,81.75
TX1293,V2896,U1266,ORD1293,19-05-2025 22:02,wallet,157.22
TX1294,V2901,U1266,ORD1294,02-05-2025 11:09,COD,850.8
TX1295,V2962,U1275,ORD1295,10-04-2025 09:28,COD,105.19
TX1296,V2964,U1275,ORD1296,27-03-2025 07:12,paypal,455.21
TX1297,V2973,U1277,ORD1297,18-04-2025 10:27,credit_card,523.88
TX1298,V2974,U1277,ORD1298,22-03-2025 21:05,credit_card,13.89
TX1299,V2977,U1277,ORD1299,16-05-2025 02:28,wallet,804.53
TX1300,V2979,U1277,ORD1300,18-04-2025 00:29,credit_card,269.2
TX1301,V2980,U1277,ORD1301,15-03-2025 01:23,credit_card,29.77
TX1302,V2998,U1280,ORD1302,09-04-2025 03:22,credit_card,97.06
TX1303,V3000,U1280,ORD1303,08-04-2025 15:36,COD,129.14
TX1304,V3001,U1280,ORD1304,11-04-2025 10:20,COD,81.97
TX1305,V3002,U1281,ORD1305,28-04-2025 05:34,COD,7.74
TX1306,V3004,U1281,ORD1306,24-04-2025 12:54,wallet,17.65
TX1307,V3006,U1281,ORD1307,01-06-2025 05:32,wallet,310.04
TX1308,V3035,U1286,ORD1308,25-05-2025 10:24,COD,322.23
TX1309,V3036,U1286,ORD1309,01-05-2025 09:14,credit_card,21.23
TX1310,V3039,U1286,ORD1310,02-04-2025 02:22,credit_card,227.29
TX1311,V3041,U1286,ORD1311,02-04-2025 00:16,paypal,1430.21
TX1312,V3042,U1286,ORD1312,19-04-2025 02:45,paypal,117.78
TX1313,V3045,U1286,ORD1313,04-05-2025 03:53,wallet,129.27
TX1314,V3046,U1286,ORD1314,18-05-2025 23:59,paypal,60.22
TX1315,V3069,U1289,ORD1315,27-05-2025 17:56,wallet,13.21
TX1316,V3070,U1289,ORD1316,27-04-2025 21:43,wallet,128.22
TX1317,V3071,U1290,ORD1317,28-04-2025 08:45,wallet,22.58
TX1318,V3074,U1290,ORD1318,11-04-2025 11:19,credit_card,44.17
TX1319,V3075,U1290,ORD1319,08-03-2025 18:02,credit_card,168
TX1320,V3084,U1292,ORD1320,12-03-2025 02:09,wallet,132.91
TX1321,V3085,U1292,ORD1321,02-04-2025 12:53,paypal,726.09
TX1322,V3088,U1292,ORD1322,10-05-2025 14:04,COD,315.98
TX1323,V3091,U1292,ORD1323,29-03-2025 01:33,COD,157.56
TX1324,V3105,U1296,ORD1324,28-04-2025 14:26,paypal,91.82
TX1325,V3107,U1296,ORD1325,26-03-2025 10:34,credit_card,85.55
TX1326,V3113,U1296,ORD1326,17-05-2025 12:20,wallet,133.77
TX1327,V3123,U1298,ORD1327,13-03-2025 21:55,credit_card,942.91
TX1328,V3124,U1298,ORD1328,05-05-2025 07:46,paypal,29.39
TX1329,V3125,U1298,ORD1329,22-05-2025 17:49,COD,120.25
TX1330,V3126,U1298,ORD1330,21-04-2025 04:34,COD,163.58
TX1331,V3127,U1299,ORD1331,18-04-2025 23:54,COD,12.06
TX1332,V3128,U1299,ORD1332,27-05-2025 16:09,paypal,304.61
TX1333,V3129,U1299,ORD1333,16-04-2025 19:11,paypal,719.71
TX1334,V3175,U1305,ORD1334,28-04-2025 20:17,paypal,34.11
TX1335,V3177,U1305,ORD1335,05-05-2025 11:49,paypal,266.14
TX1336,V3179,U1305,ORD1336,28-03-2025 00:40,credit_card,129.88
TX1337,V3181,U1305,ORD1337,18-05-2025 18:27,paypal,714.03
TX1338,V3183,U1305,ORD1338,09-03-2025 08:16,COD,27.25
TX1339,V3187,U1306,ORD1339,23-04-2025 19:11,COD,93.08
TX1340,V3189,U1306,ORD1340,13-03-2025 09:52,paypal,40.02
TX1341,V3193,U1306,ORD1341,25-05-2025 13:24,credit_card,101.56
TX1342,V3198,U1307,ORD1342,05-04-2025 23:33,COD,39.57
TX1343,V3199,U1307,ORD1343,06-05-2025 06:04,paypal,19.42
TX1344,V3211,U1309,ORD1344,14-04-2025 05:27,wallet,98.87
TX1345,V3212,U1309,ORD1345,01-05-2025 12:49,wallet,8.38
TX1346,V3213,U1309,ORD1346,18-05-2025 02:51,credit_card,161.4
TX1347,V3214,U1309,ORD1347,21-03-2025 06:51,wallet,13.75
TX1348,V3216,U1310,ORD1348,16-04-2025 09:51,COD,52.65
TX1349,V3219,U1310,ORD1349,18-03-2025 05:03,COD,112.17
TX1350,V3225,U1312,ORD1350,24-03-2025 18:22,wallet,216.81
TX1351,V3226,U1312,ORD1351,30-03-2025 00:00,paypal,243.31
TX1352,V3228,U1312,ORD1352,08-04-2025 02:48,wallet,192.19
TX1353,V3229,U1312,ORD1353,03-04-2025 04:55,wallet,11.5
TX1354,V3230,U1312,ORD1354,11-03-2025 02:13,COD,236.61
TX1355,V3232,U1312,ORD1355,13-04-2025 09:08,COD,66.53
TX1356,V3240,U1314,ORD1356,10-05-2025 16:28,paypal,55.71
TX1357,V3241,U1314,ORD1357,31-05-2025 16:21,COD,23.93
TX1358,V3245,U1314,ORD1358,07-03-2025 20:27,wallet,133.27
TX1359,V3247,U1314,ORD1359,26-04-2025 03:07,wallet,432.2
TX1360,V3248,U1314,ORD1360,24-04-2025 08:10,credit_card,485.18
TX1361,V3274,U1318,ORD1361,17-05-2025 18:45,wallet,40.73
TX1362,V3275,U1318,ORD1362,18-05-2025 10:33,wallet,105.92
TX1363,V3277,U1318,ORD1363,21-03-2025 08:49,wallet,19.87
TX1364,V3281,U1319,ORD1364,19-03-2025 02:47,COD,32.82
TX1365,V3285,U1319,ORD1365,17-04-2025 23:27,credit_card,154.96
TX1366,V3287,U1319,ORD1366,25-04-2025 09:30,wallet,273.51
TX1367,V3289,U1319,ORD1367,26-05-2025 22:39,wallet,468.72
TX1368,V3293,U1321,ORD1368,26-05-2025 22:14,wallet,267.59
TX1369,V3295,U1321,ORD1369,07-03-2025 20:21,wallet,70.33
TX1370,V3296,U1321,ORD1370,12-04-2025 13:25,credit_card,115.75
TX1371,V3298,U1321,ORD1371,13-03-2025 14:13,COD,149.7
TX1372,V3299,U1321,ORD1372,23-03-2025 06:10,COD,6.12
TX1373,V3313,U1323,ORD1373,14-05-2025 14:03,wallet,44.32
TX1374,V3315,U1323,ORD1374,29-04-2025 09:44,credit_card,3.68
TX1375,V3316,U1323,ORD1375,17-05-2025 11:33,wallet,70.39
TX1376,V3317,U1323,ORD1376,11-03-2025 21:22,credit_card,35.25
TX1377,V3318,U1323,ORD1377,26-04-2025 07:39,COD,444.74
TX1378,V3319,U1323,ORD1378,20-04-2025 15:06,COD,322.44
TX1379,V3344,U1327,ORD1379,05-05-2025 23:33,COD,97.96
TX1380,V3345,U1327,ORD1380,16-03-2025 22:16,wallet,53.28
TX1381,V3346,U1327,ORD1381,14-05-2025 14:47,credit_card,101.37
TX1382,V3347,U1327,ORD1382,11-04-2025 18:41,paypal,464.75
TX1383,V3348,U1327,ORD1383,24-03-2025 00:42,COD,57.93
TX1384,V3350,U1327,ORD1384,10-04-2025 07:18,COD,78.76
TX1385,V3351,U1327,ORD1385,10-04-2025 06:45,credit_card,107.44
TX1386,V3353,U1328,ORD1386,24-05-2025 13:12,paypal,51.66
TX1387,V3354,U1328,ORD1387,19-05-2025 01:34,wallet,123.12
TX1388,V3356,U1328,ORD1388,04-03-2025 01:21,wallet,35.92
TX1389,V3358,U1328,ORD1389,03-03-2025 17:10,wallet,31.27
TX1390,V3375,U1331,ORD1390,08-05-2025 13:57,COD,214.24
TX1391,V3376,U1331,ORD1391,26-05-2025 03:30,COD,240.46
TX1392,V3377,U1331,ORD1392,11-05-2025 01:20,credit_card,1381.85
TX1393,V3379,U1331,ORD1393,04-04-2025 09:56,paypal,83.94
TX1394,V3381,U1332,ORD1394,28-05-2025 14:38,COD,255.49
TX1395,V3382,U1332,ORD1395,30-04-2025 06:20,credit_card,12.87
TX1396,V3383,U1332,ORD1396,16-03-2025 09:12,paypal,59.91
TX1397,V3385,U1333,ORD1397,03-05-2025 18:20,credit_card,137.39
TX1398,V3386,U1333,ORD1398,27-05-2025 07:12,credit_card,140.64
TX1399,V3387,U1333,ORD1399,01-05-2025 22:51,paypal,18.12
TX1400,V3388,U1333,ORD1400,30-04-2025 21:28,credit_card,76
TX1401,V3468,U1344,ORD1401,13-03-2025 08:05,credit_card,142.82
TX1402,V3471,U1344,ORD1402,13-05-2025 04:27,COD,74.38
TX1403,V3477,U1346,ORD1403,07-04-2025 21:11,COD,101.13
TX1404,V3478,U1346,ORD1404,30-03-2025 14:47,paypal,355.39
TX1405,V3482,U1346,ORD1405,31-03-2025 01:38,wallet,15.37
TX1406,V3504,U1350,ORD1406,14-05-2025 21:28,wallet,38.69
TX1407,V3505,U1350,ORD1407,19-04-2025 14:11,wallet,5.08
TX1408,V3507,U1350,ORD1408,14-04-2025 13:24,wallet,30.92
TX1409,V3508,U1351,ORD1409,14-04-2025 22:25,credit_card,64.65
TX1410,V3509,U1351,ORD1410,25-05-2025 22:43,wallet,13.57
TX1411,V3510,U1351,ORD1411,02-04-2025 04:48,paypal,80.04
TX1412,V3537,U1355,ORD1412,22-04-2025 13:19,wallet,682.72
TX1413,V3539,U1355,ORD1413,18-05-2025 06:16,wallet,137.48
TX1414,V3540,U1355,ORD1414,26-03-2025 06:33,paypal,357.47
TX1415,V3545,U1357,ORD1415,30-04-2025 08:04,credit_card,185.37
TX1416,V3546,U1357,ORD1416,09-04-2025 20:15,wallet,105.46
TX1417,V3549,U1357,ORD1417,04-03-2025 00:12,COD,133.96
TX1418,V3550,U1357,ORD1418,13-04-2025 01:19,wallet,103.22
TX1419,V3552,U1357,ORD1419,24-05-2025 23:07,paypal,301.22
TX1420,V3553,U1357,ORD1420,01-04-2025 10:33,paypal,184
TX1421,V3569,U1359,ORD1421,27-05-2025 18:51,paypal,748.63
TX1422,V3576,U1361,ORD1422,18-04-2025 04:43,credit_card,56.04
TX1423,V3577,U1361,ORD1423,14-05-2025 22:11,paypal,482.45
TX1424,V3578,U1361,ORD1424,08-04-2025 23:13,COD,116.79
TX1425,V3579,U1361,ORD1425,13-03-2025 00:09,credit_card,127.38
TX1426,V3580,U1361,ORD1426,08-03-2025 07:16,paypal,190.13
TX1427,V3585,U1362,ORD1427,23-03-2025 21:39,wallet,25.81
TX1428,V3586,U1363,ORD1428,26-05-2025 06:53,wallet,9.79
TX1429,V3587,U1363,ORD1429,27-03-2025 13:11,wallet,11.07
TX1430,V3599,U1365,ORD1430,18-03-2025 17:54,credit_card,400.25
TX1431,V3600,U1365,ORD1431,25-03-2025 00:16,COD,329.28
TX1432,V3601,U1365,ORD1432,12-04-2025 20:24,wallet,158.63
TX1433,V3602,U1365,ORD1433,25-04-2025 11:35,wallet,140.33
TX1434,V3604,U1365,ORD1434,20-05-2025 02:35,COD,61.99
TX1435,V3606,U1365,ORD1435,31-03-2025 00:00,credit_card,70.76
TX1436,V3635,U1370,ORD1436,04-04-2025 14:03,paypal,139.51
TX1437,V3637,U1370,ORD1437,02-04-2025 01:21,wallet,271.39
TX1438,V3638,U1370,ORD1438,28-05-2025 23:49,paypal,839.38
TX1439,V3641,U1370,ORD1439,01-05-2025 00:34,wallet,50.36
TX1440,V3642,U1371,ORD1440,01-03-2025 21:58,wallet,158.63
TX1441,V3643,U1371,ORD1441,03-03-2025 02:19,COD,305.76
TX1442,V3646,U1371,ORD1442,07-05-2025 21:56,wallet,4.12
TX1443,V3680,U1377,ORD1443,29-04-2025 10:08,credit_card,473.07
TX1444,V3683,U1377,ORD1444,08-04-2025 21:56,COD,481.19
TX1445,V3684,U1377,ORD1445,25-05-2025 12:03,wallet,64.84
TX1446,V3686,U1377,ORD1446,18-04-2025 20:07,COD,378.68
TX1447,V3687,U1377,ORD1447,25-04-2025 05:45,COD,166.33
TX1448,V3688,U1377,ORD1448,05-05-2025 06:32,COD,495.56
TX1449,V3710,U1380,ORD1449,23-05-2025 09:38,COD,214.15
TX1450,V3711,U1380,ORD1450,01-04-2025 19:38,COD,32.06
TX1451,V3713,U1380,ORD1451,29-03-2025 11:32,paypal,67.83
TX1452,V3714,U1380,ORD1452,06-05-2025 16:55,credit_card,11.51
TX1453,V3715,U1381,ORD1453,17-04-2025 04:13,wallet,15.33
TX1454,V3716,U1381,ORD1454,05-04-2025 16:17,COD,24.09
TX1455,V3717,U1381,ORD1455,14-05-2025 01:38,credit_card,20.94
TX1456,V3718,U1381,ORD1456,26-05-2025 15:24,credit_card,52.26
TX1457,V3719,U1382,ORD1457,23-03-2025 01:14,paypal,35.23
TX1458,V3720,U1382,ORD1458,29-03-2025 06:37,COD,16.11
TX1459,V3723,U1382,ORD1459,02-03-2025 01:01,COD,167.76
TX1460,V3826,U1398,ORD1460,01-05-2025 04:37,COD,72.97
TX1461,V3827,U1398,ORD1461,12-04-2025 09:37,COD,173.44
TX1462,V3828,U1398,ORD1462,17-03-2025 17:08,credit_card,7.19
TX1463,V3829,U1398,ORD1463,14-04-2025 21:36,credit_card,1422.61
TX1464,V3830,U1398,ORD1464,17-05-2025 04:56,COD,12.05
TX1465,V3894,U1408,ORD1465,17-05-2025 12:54,COD,33.45
TX1466,V3913,U1411,ORD1466,18-04-2025 17:56,wallet,190.97
TX1467,V3916,U1411,ORD1467,29-05-2025 22:31,wallet,78.49
TX1468,V3919,U1411,ORD1468,23-03-2025 22:31,paypal,31.73
TX1469,V4024,U1425,ORD1469,19-03-2025 07:26,wallet,117.06
TX1470,V4049,U1428,ORD1470,01-04-2025 07:47,credit_card,17.66
TX1471,V4051,U1429,ORD1471,05-05-2025 12:04,paypal,29.29
TX1472,V4053,U1429,ORD1472,26-04-2025 18:03,credit_card,199.28
TX1473,V4054,U1429,ORD1473,01-04-2025 13:05,credit_card,55.15
TX1474,V4055,U1429,ORD1474,20-03-2025 19:57,wallet,47.87
TX1475,V4056,U1429,ORD1475,10-05-2025 15:11,paypal,412.85
TX1476,V4057,U1429,ORD1476,16-04-2025 01:26,credit_card,4.53
TX1477,V4058,U1429,ORD1477,22-03-2025 06:00,COD,302.26
TX1478,V4059,U1429,ORD1478,16-03-2025 02:29,paypal,152.85
TX1479,V4060,U1429,ORD1479,07-03-2025 20:03,wallet,172.46
TX1480,V4069,U1430,ORD1480,29-03-2025 14:52,credit_card,33.72
TX1481,V4074,U1432,ORD1481,30-03-2025 17:06,COD,170.37
TX1482,V4078,U1432,ORD1482,26-03-2025 06:31,paypal,198.29
TX1483,V4079,U1432,ORD1483,28-05-2025 16:04,COD,440.16
TX1484,V4081,U1432,ORD1484,15-04-2025 10:49,COD,45.51
TX1485,V4097,U1436,ORD1485,25-04-2025 03:10,COD,244.63
TX1486,V4098,U1436,ORD1486,07-04-2025 00:12,wallet,10.05
TX1487,V4100,U1436,ORD1487,19-04-2025 06:19,paypal,65.65
TX1488,V4122,U1439,ORD1488,09-05-2025 19:45,paypal,27.39
TX1489,V4125,U1439,ORD1489,28-03-2025 13:26,COD,33.01
TX1490,V4126,U1439,ORD1490,17-03-2025 15:00,COD,314.05
TX1491,V4168,U1445,ORD1491,20-04-2025 09:12,wallet,37.31
TX1492,V4170,U1445,ORD1492,03-04-2025 00:53,wallet,132.96
TX1493,V4171,U1445,ORD1493,02-05-2025 12:31,COD,30.9
TX1494,V4205,U1449,ORD1494,22-05-2025 20:15,wallet,240.98
TX1495,V4206,U1449,ORD1495,18-04-2025 03:26,credit_card,450.13
TX1496,V4208,U1449,ORD1496,30-04-2025 19:59,credit_card,80.7
TX1497,V4215,U1451,ORD1497,04-03-2025 03:25,COD,382.56
TX1498,V4216,U1451,ORD1498,15-05-2025 00:27,paypal,10.17
TX1499,V4217,U1451,ORD1499,13-03-2025 08:04,paypal,138.89
TX1500,V4293,U1462,ORD1500,07-04-2025 17:09,COD,275.26
TX1501,V4294,U1462,ORD1501,30-04-2025 13:08,wallet,53.39
TX1502,V4303,U1464,ORD1502,17-04-2025 19:10,wallet,42.17
TX1503,V4304,U1464,ORD1503,30-05-2025 21:00,paypal,37.14
TX1504,V4305,U1464,ORD1504,09-04-2025 22:36,COD,84.05
TX1505,V4307,U1464,ORD1505,19-04-2025 12:44,credit_card,45.67
TX1506,V4310,U1465,ORD1506,27-05-2025 01:11,COD,89.33
TX1507,V4312,U1465,ORD1507,08-04-2025 03:42,paypal,382.04
TX1508,V4329,U1468,ORD1508,09-05-2025 03:24,credit_card,1324.75
TX1509,V4332,U1468,ORD1509,16-03-2025 07:35,wallet,200.75
TX1510,V4333,U1468,ORD1510,29-04-2025 05:46,paypal,112.33
TX1511,V4334,U1468,ORD1511,07-05-2025 00:59,wallet,35.29
TX1512,V4430,U1481,ORD1512,29-03-2025 01:12,COD,342.43
TX1513,V4462,U1486,ORD1513,10-05-2025 13:57,COD,204.74
TX1514,V4463,U1486,ORD1514,05-03-2025 08:58,wallet,37.37
TX1515,V4465,U1486,ORD1515,10-03-2025 13:56,wallet,302.99
TX1516,V4491,U1490,ORD1516,08-05-2025 15:58,credit_card,243.56
TX1517,V4493,U1490,ORD1517,31-05-2025 11:12,wallet,202.73
TX1518,V4513,U1493,ORD1518,23-05-2025 18:24,credit_card,10.35
TX1519,V4514,U1493,ORD1519,08-04-2025 14:55,wallet,20.06
TX1520,V4515,U1493,ORD1520,13-05-2025 09:08,paypal,225.08
TX1521,V4516,U1493,ORD1521,02-04-2025 02:12,credit_card,113.68
TX1522,V4517,U1493,ORD1522,29-04-2025 02:56,paypal,112.48
TX1523,V4520,U1493,ORD1523,02-04-2025 07:49,COD,212.66
TX1524,V4522,U1493,ORD1524,06-05-2025 08:53,paypal,6.1
TX1525,V4525,U1494,ORD1525,29-04-2025 11:52,wallet,146.48
TX1526,V4527,U1494,ORD1526,09-04-2025 05:08,credit_card,74.59
TX1527,V4528,U1494,ORD1527,24-04-2025 04:18,credit_card,20.36
TX1528,V4529,U1494,ORD1528,14-04-2025 20:16,wallet,24.57
TX1529,V4533,U1494,ORD1529,06-05-2025 20:28,credit_card,126.67
TX1530,V4535,U1494,ORD1530,28-03-2025 13:21,credit_card,75.12
TX1531,V4536,U1495,ORD1531,13-05-2025 08:46,COD,17.36
TX1532,V4537,U1495,ORD1532,24-05-2025 03:36,paypal,20.05
TX1533,V4540,U1495,ORD1533,01-04-2025 19:58,paypal,385.25
TX1534,V4541,U1495,ORD1534,19-04-2025 18:37,credit_card,2.12
TX1535,V4568,U1499,ORD1535,09-04-2025 14:14,paypal,190.55
TX1536,V4569,U1499,ORD1536,23-04-2025 05:58,wallet,93.6
TX1537,V4570,U1499,ORD1537,29-03-2025 20:31,paypal,77.03
TX1538,V4572,U1499,ORD1538,20-03-2025 05:35,wallet,67.11
TX1539,V4573,U1499,ORD1539,23-05-2025 10:12,wallet,129.62
TX1540,V4574,U1499,ORD1540,09-04-2025 02:33,credit_card,368.68
TX1541,V4575,U1499,ORD1541,15-03-2025 08:01,wallet,811.19
TX1542,V4581,U1501,ORD1542,15-04-2025 06:07,COD,93.88
TX1543,V4583,U1501,ORD1543,15-03-2025 05:32,credit_card,17.85
TX1544,V4661,U1513,ORD1544,06-03-2025 03:12,COD,3.61
TX1545,V4662,U1513,ORD1545,26-04-2025 12:02,COD,22.8
TX1546,V4663,U1513,ORD1546,04-05-2025 07:45,credit_card,126.06
TX1547,V4664,U1513,ORD1547,11-03-2025 12:38,wallet,286.46
TX1548,V4672,U1514,ORD1548,26-03-2025 13:40,COD,9.9
TX1549,V4677,U1514,ORD1549,15-04-2025 03:44,paypal,24.43
TX1550,V4713,U1519,ORD1550,17-03-2025 15:14,credit_card,32.24
TX1551,V4715,U1519,ORD1551,31-03-2025 22:10,paypal,83.11
TX1552,V4725,U1521,ORD1552,29-05-2025 19:41,COD,86.93
TX1553,V4727,U1521,ORD1553,16-03-2025 07:58,paypal,782.82
TX1554,V4728,U1521,ORD1554,19-05-2025 00:42,paypal,98.15
TX1555,V4729,U1521,ORD1555,29-03-2025 11:38,wallet,87.48
TX1556,V4730,U1521,ORD1556,11-03-2025 05:13,paypal,100
TX1557,V4734,U1522,ORD1557,19-03-2025 08:29,COD,34.16
TX1558,V4737,U1522,ORD1558,20-05-2025 13:52,paypal,87.09
TX1559,V4738,U1522,ORD1559,18-04-2025 09:53,COD,464.89
TX1560,V4739,U1523,ORD1560,22-04-2025 08:33,credit_card,8.04
TX1561,V4740,U1523,ORD1561,09-05-2025 14:10,credit_card,460.43
TX1562,V4741,U1523,ORD1562,25-05-2025 09:31,COD,322.51
TX1563,V4751,U1526,ORD1563,28-04-2025 03:33,credit_card,65.89
TX1564,V4752,U1526,ORD1564,23-05-2025 14:46,COD,129.35
TX1565,V4753,U1526,ORD1565,17-04-2025 18:10,COD,110.1
TX1566,V4755,U1526,ORD1566,02-03-2025 15:07,wallet,51.94
TX1567,V4757,U1526,ORD1567,16-03-2025 21:19,COD,57.72
TX1568,V4759,U1526,ORD1568,07-04-2025 17:40,wallet,287.96
TX1569,V4761,U1527,ORD1569,06-03-2025 06:11,wallet,54.5
TX1570,V4762,U1527,ORD1570,11-05-2025 23:20,wallet,132.61
TX1571,V4763,U1527,ORD1571,06-04-2025 23:30,credit_card,21.08
TX1572,V4764,U1527,ORD1572,16-05-2025 18:46,COD,340.67
TX1573,V4768,U1528,ORD1573,12-04-2025 15:51,credit_card,61.43
TX1574,V4769,U1528,ORD1574,19-05-2025 08:34,paypal,40.39
TX1575,V4770,U1529,ORD1575,20-04-2025 13:16,wallet,45.52
TX1576,V4771,U1529,ORD1576,28-03-2025 15:42,credit_card,66.29
TX1577,V4773,U1529,ORD1577,11-05-2025 14:08,COD,638.72
TX1578,V4802,U1534,ORD1578,03-03-2025 10:59,wallet,257.04
TX1579,V4804,U1534,ORD1579,22-04-2025 21:04,credit_card,208.72
TX1580,V4805,U1534,ORD1580,04-04-2025 18:02,credit_card,1515.95
TX1581,V4807,U1535,ORD1581,29-05-2025 21:49,wallet,452.67
TX1582,V4808,U1535,ORD1582,26-05-2025 11:19,COD,17.27
TX1583,V4809,U1535,ORD1583,22-04-2025 06:35,COD,131.77
TX1584,V4813,U1536,ORD1584,31-05-2025 16:29,credit_card,329.47
TX1585,V4814,U1536,ORD1585,15-05-2025 15:34,COD,535.96
TX1586,V4815,U1536,ORD1586,27-05-2025 22:00,wallet,131.57
TX1587,V4867,U1542,ORD1587,21-05-2025 15:50,COD,323.79
TX1588,V4869,U1542,ORD1588,04-04-2025 14:16,paypal,16.76
TX1589,V4870,U1542,ORD1589,12-04-2025 16:12,wallet,66.61
TX1590,V4871,U1542,ORD1590,06-04-2025 11:04,wallet,16.73
TX1591,V4874,U1543,ORD1591,19-03-2025 19:43,COD,45.42
TX1592,V4875,U1543,ORD1592,05-03-2025 19:48,credit_card,137.96
TX1593,V4877,U1543,ORD1593,13-05-2025 02:28,credit_card,137.64
TX1594,V4884,U1544,ORD1594,23-04-2025 14:52,credit_card,84.15
TX1595,V4909,U1548,ORD1595,17-03-2025 00:20,credit_card,26.84
TX1596,V4912,U1548,ORD1596,15-05-2025 18:36,credit_card,152.82
TX1597,V4915,U1548,ORD1597,06-05-2025 05:39,credit_card,122.17
TX1598,V4916,U1548,ORD1598,12-04-2025 07:00,wallet,21.74
TX1599,V4917,U1548,ORD1599,16-04-2025 01:15,COD,81.84
TX1600,V4921,U1549,ORD1600,30-04-2025 23:58,COD,79.34
TX1601,V4922,U1549,ORD1601,19-03-2025 18:37,credit_card,63.97
TX1602,V4924,U1549,ORD1602,02-05-2025 03:26,paypal,451.05
TX1603,V4925,U1549,ORD1603,25-03-2025 03:30,paypal,194.43
TX1604,V4926,U1549,ORD1604,15-03-2025 11:16,credit_card,13.92
TX1605,V4927,U1549,ORD1605,05-03-2025 09:24,paypal,329.38
TX1606,V4928,U1549,ORD1606,19-03-2025 22:48,paypal,90.91
TX1607,V4964,U1554,ORD1607,19-05-2025 10:31,wallet,20.7
TX1608,V4967,U1554,ORD1608,29-04-2025 23:05,paypal,39.01
TX1609,V4968,U1554,ORD1609,24-03-2025 23:10,credit_card,373.07
TX1610,V4971,U1554,ORD1610,11-03-2025 11:15,credit_card,173.97
TX1611,V4986,U1557,ORD1611,22-04-2025 21:16,credit_card,74.05
TX1612,V4987,U1557,ORD1612,16-03-2025 21:04,COD,393.95
TX1613,V4993,U1557,ORD1613,23-05-2025 07:31,COD,604.14
TX1614,V4995,U1557,ORD1614,28-05-2025 11:17,wallet,295.64
TX1615,V5002,U1559,ORD1615,19-04-2025 01:06,paypal,108.66
TX1616,V5004,U1559,ORD1616,28-04-2025 08:07,credit_card,95.19
TX1617,V5006,U1559,ORD1617,29-03-2025 17:56,credit_card,165.89
TX1618,V5070,U1570,ORD1618,23-04-2025 12:38,paypal,9.94
TX1619,V5097,U1575,ORD1619,25-03-2025 19:28,COD,21.25
TX1620,V5098,U1575,ORD1620,28-05-2025 22:25,wallet,6.64
TX1621,V5116,U1578,ORD1621,11-03-2025 23:47,paypal,39.43
TX1622,V5117,U1578,ORD1622,12-05-2025 12:18,paypal,17.22
TX1623,V5120,U1578,ORD1623,20-03-2025 21:26,paypal,15.7
TX1624,V5122,U1578,ORD1624,24-04-2025 18:32,paypal,124.29
TX1625,V5158,U1583,ORD1625,12-04-2025 19:46,credit_card,60.48
TX1626,V5159,U1583,ORD1626,03-04-2025 12:14,paypal,329.11
TX1627,V5169,U1584,ORD1627,06-04-2025 14:05,credit_card,73.19
TX1628,V5171,U1584,ORD1628,29-05-2025 21:25,COD,100.18
TX1629,V5172,U1584,ORD1629,18-05-2025 16:04,paypal,80.63
TX1630,V5173,U1584,ORD1630,17-05-2025 23:10,wallet,206.13
TX1631,V5174,U1584,ORD1631,23-05-2025 22:56,credit_card,49.47
TX1632,V5176,U1584,ORD1632,05-05-2025 09:15,paypal,390.58
TX1633,V5195,U1587,ORD1633,05-05-2025 08:49,wallet,126.07
TX1634,V5197,U1587,ORD1634,10-04-2025 23:32,paypal,101.19
TX1635,V5199,U1587,ORD1635,22-04-2025 18:46,paypal,116.79
TX1636,V5200,U1587,ORD1636,22-04-2025 07:45,wallet,725.36
TX1637,V5208,U1590,ORD1637,09-05-2025 12:19,paypal,40.86
TX1638,V5209,U1590,ORD1638,25-03-2025 12:02,COD,187.94
TX1639,V5212,U1590,ORD1639,07-04-2025 00:26,COD,268.22
TX1640,V5215,U1590,ORD1640,08-03-2025 00:49,paypal,13.51
TX1641,V5216,U1590,ORD1641,05-04-2025 04:02,COD,82.81
TX1642,V5218,U1590,ORD1642,26-05-2025 03:43,wallet,21.26
TX1643,V5242,U1595,ORD1643,02-03-2025 21:04,wallet,64.76
TX1644,V5243,U1595,ORD1644,20-05-2025 19:31,paypal,293.07
TX1645,V5244,U1595,ORD1645,10-04-2025 18:30,COD,51.74
TX1646,V5246,U1595,ORD1646,16-04-2025 04:37,wallet,6.64
TX1647,V5248,U1595,ORD1647,23-04-2025 01:02,credit_card,156.69
TX1648,V5249,U1596,ORD1648,31-03-2025 07:54,paypal,56.1
TX1649,V5270,U1599,ORD1649,17-03-2025 21:22,wallet,376.09
TX1650,V5273,U1599,ORD1650,13-03-2025 20:34,wallet,181.46
TX1651,V5274,U1599,ORD1651,22-03-2025 22:40,paypal,95.96
TX1652,V5281,U1601,ORD1652,08-05-2025 23:28,wallet,521.63
TX1653,V5286,U1601,ORD1653,08-03-2025 07:23,wallet,128.23
TX1654,V5287,U1601,ORD1654,06-04-2025 12:36,credit_card,132.35
TX1655,V5301,U1603,ORD1655,22-03-2025 12:03,credit_card,139.99
TX1656,V5302,U1603,ORD1656,30-05-2025 08:11,wallet,666.07
TX1657,V5309,U1604,ORD1657,11-03-2025 22:11,paypal,32.81
TX1658,V5310,U1604,ORD1658,31-03-2025 07:06,wallet,3.38
TX1659,V5313,U1604,ORD1659,20-04-2025 02:35,paypal,124.9
TX1660,V5315,U1604,ORD1660,08-04-2025 12:15,credit_card,55.78
TX1661,V5359,U1613,ORD1661,25-05-2025 23:29,wallet,486.37
TX1662,V5360,U1613,ORD1662,17-05-2025 00:54,COD,10.17
TX1663,V5361,U1613,ORD1663,10-03-2025 03:06,COD,479.64
TX1664,V5365,U1613,ORD1664,16-03-2025 21:15,COD,251.93
TX1665,V5392,U1617,ORD1665,30-04-2025 09:08,paypal,11.57
TX1666,V5393,U1617,ORD1666,06-03-2025 15:57,wallet,51.02
TX1667,V5396,U1617,ORD1667,25-04-2025 17:45,COD,34.64
TX1668,V5397,U1617,ORD1668,17-03-2025 23:09,paypal,1.43
TX1669,V5402,U1617,ORD1669,22-03-2025 23:44,COD,66.26
TX1670,V5418,U1621,ORD1670,22-03-2025 00:28,credit_card,187.48
TX1671,V5419,U1621,ORD1671,13-05-2025 18:19,credit_card,19.63
TX1672,V5439,U1626,ORD1672,29-03-2025 13:14,paypal,53.81
TX1673,V5440,U1626,ORD1673,09-03-2025 06:23,COD,40.21
TX1674,V5441,U1626,ORD1674,26-05-2025 15:02,paypal,223.98
TX1675,V5442,U1626,ORD1675,14-04-2025 03:53,credit_card,1081.61
TX1676,V5445,U1626,ORD1676,27-05-2025 00:00,wallet,220.2
TX1677,V5446,U1626,ORD1677,19-03-2025 19:56,wallet,59.13
TX1678,V5447,U1626,ORD1678,07-03-2025 04:13,credit_card,80.59
TX1679,V5474,U1631,ORD1679,19-04-2025 18:47,credit_card,550.67
TX1680,V5476,U1631,ORD1680,17-05-2025 10:31,COD,158.89
TX1681,V5477,U1631,ORD1681,11-04-2025 00:56,wallet,114.68
TX1682,V5478,U1631,ORD1682,21-04-2025 20:17,paypal,97.91
TX1683,V5503,U1635,ORD1683,20-05-2025 20:48,paypal,204.82
TX1684,V5504,U1635,ORD1684,12-04-2025 07:18,COD,218.9
TX1685,V5509,U1635,ORD1685,19-03-2025 15:11,paypal,60.69
TX1686,V5512,U1636,ORD1686,07-04-2025 02:06,wallet,102.39
TX1687,V5569,U1643,ORD1687,07-03-2025 19:11,COD,72.83
TX1688,V5570,U1643,ORD1688,31-05-2025 22:34,paypal,300.18
TX1689,V5574,U1643,ORD1689,09-04-2025 08:20,wallet,35.87
TX1690,V5580,U1644,ORD1690,13-03-2025 22:49,COD,54.63
TX1691,V5587,U1644,ORD1691,03-04-2025 03:15,wallet,172.53
TX1692,V5616,U1649,ORD1692,16-04-2025 08:50,credit_card,41.51
TX1693,V5617,U1649,ORD1693,29-04-2025 18:32,paypal,22.12
TX1694,V5618,U1649,ORD1694,13-03-2025 01:30,paypal,41.39
TX1695,V5619,U1649,ORD1695,28-03-2025 11:11,paypal,48.99
TX1696,V5624,U1650,ORD1696,22-05-2025 02:25,credit_card,155.08
TX1697,V5626,U1650,ORD1697,19-04-2025 08:11,COD,218.8
TX1698,V5627,U1650,ORD1698,04-03-2025 14:09,wallet,318.8
TX1699,V5643,U1652,ORD1699,29-04-2025 19:44,credit_card,32.28
TX1700,V5644,U1652,ORD1700,24-04-2025 09:23,paypal,381.57
TX1701,V5646,U1652,ORD1701,12-05-2025 08:16,wallet,30.57
TX1702,V5647,U1652,ORD1702,31-05-2025 12:05,credit_card,56.45
TX1703,V5649,U1652,ORD1703,04-03-2025 08:52,paypal,200.82
TX1704,V5650,U1652,ORD1704,04-03-2025 03:40,credit_card,104.52
TX1705,V5651,U1652,ORD1705,20-04-2025 05:27,COD,110.77
TX1706,V5664,U1655,ORD1706,03-05-2025 14:05,COD,142.41
TX1707,V5667,U1655,ORD1707,12-04-2025 16:05,credit_card,324.32
TX1708,V5669,U1656,ORD1708,21-03-2025 02:50,credit_card,16.17
TX1709,V5670,U1656,ORD1709,19-03-2025 10:01,credit_card,21.16
TX1710,V5671,U1656,ORD1710,07-05-2025 19:57,paypal,21.08
TX1711,V5674,U1656,ORD1711,12-03-2025 07:45,COD,7.07
TX1712,V5701,U1660,ORD1712,19-05-2025 08:12,wallet,138.38
TX1713,V5706,U1660,ORD1713,06-04-2025 15:01,wallet,222.52
TX1714,V5708,U1660,ORD1714,02-04-2025 11:43,paypal,25.91
TX1715,V5709,U1660,ORD1715,02-03-2025 04:26,wallet,65.69
TX1716,V5710,U1660,ORD1716,07-05-2025 06:50,COD,22.43
TX1717,V5721,U1662,ORD1717,10-05-2025 08:01,wallet,292.9
TX1718,V5723,U1662,ORD1718,23-05-2025 17:44,wallet,117.43
TX1719,V5724,U1662,ORD1719,09-03-2025 13:21,wallet,73.29
TX1720,V5733,U1664,ORD1720,29-03-2025 04:26,credit_card,87.02
TX1721,V5740,U1664,ORD1721,04-03-2025 13:33,credit_card,11.85
TX1722,V5767,U1668,ORD1722,04-03-2025 01:14,paypal,37.27
TX1723,V5769,U1668,ORD1723,02-03-2025 22:13,wallet,257.78
TX1724,V5771,U1668,ORD1724,23-05-2025 18:10,COD,7.88
TX1725,V5773,U1668,ORD1725,24-03-2025 01:24,COD,15.24
TX1726,V5786,U1670,ORD1726,07-05-2025 08:58,wallet,69.85
TX1727,V5789,U1670,ORD1727,09-05-2025 06:00,credit_card,274.95
TX1728,V5790,U1670,ORD1728,29-05-2025 20:04,paypal,437.73
TX1729,V5791,U1670,ORD1729,27-04-2025 19:32,COD,162.75
TX1730,V5792,U1670,ORD1730,13-03-2025 06:23,COD,8.95
TX1731,V5793,U1670,ORD1731,01-04-2025 14:05,COD,249.04
TX1732,V5840,U1677,ORD1732,08-05-2025 03:06,credit_card,26.59
TX1733,V5842,U1677,ORD1733,02-05-2025 23:50,credit_card,134.74
TX1734,V5843,U1677,ORD1734,16-03-2025 05:12,wallet,348.93
TX1735,V5845,U1678,ORD1735,13-05-2025 23:02,paypal,172.32
TX1736,V5846,U1678,ORD1736,25-03-2025 06:33,COD,152.45
TX1737,V5847,U1678,ORD1737,28-05-2025 07:23,wallet,126.09
TX1738,V5849,U1678,ORD1738,04-03-2025 21:36,wallet,23.13
TX1739,V5850,U1678,ORD1739,05-05-2025 14:18,paypal,163.04
TX1740,V5851,U1678,ORD1740,14-04-2025 10:43,credit_card,494.58
TX1741,V5905,U1687,ORD1741,04-03-2025 01:40,COD,102.93
TX1742,V5907,U1687,ORD1742,02-04-2025 18:24,paypal,23.23
TX1743,V5917,U1689,ORD1743,12-03-2025 08:53,wallet,142.23
TX1744,V5921,U1689,ORD1744,23-03-2025 06:56,wallet,275.2
TX1745,V5922,U1689,ORD1745,19-04-2025 08:24,wallet,132.92
TX1746,V5924,U1689,ORD1746,16-05-2025 07:28,credit_card,510.26
TX1747,V5945,U1692,ORD1747,10-04-2025 14:06,paypal,2.95
TX1748,V5946,U1692,ORD1748,23-03-2025 08:13,wallet,251.93
TX1749,V5970,U1695,ORD1749,09-05-2025 05:23,COD,1192.09
TX1750,V5978,U1697,ORD1750,30-05-2025 14:36,COD,173.07
TX1751,V5979,U1697,ORD1751,16-03-2025 18:50,credit_card,1086.03
TX1752,V5980,U1697,ORD1752,06-05-2025 23:39,wallet,65.43
TX1753,V5981,U1697,ORD1753,20-04-2025 21:06,paypal,8.81
TX1754,V5982,U1697,ORD1754,02-05-2025 08:32,wallet,3.38
TX1755,V6066,U1708,ORD1755,29-04-2025 02:54,credit_card,579.88
TX1756,V6067,U1708,ORD1756,20-05-2025 23:15,wallet,195.91
TX1757,V6089,U1713,ORD1757,17-03-2025 15:34,COD,155.43
TX1758,V6090,U1713,ORD1758,26-05-2025 13:18,paypal,124.3
TX1759,V6098,U1714,ORD1759,31-03-2025 19:52,paypal,1140.96
TX1760,V6099,U1714,ORD1760,18-04-2025 20:08,wallet,64.84
TX1761,V6100,U1714,ORD1761,21-05-2025 09:22,COD,191.87
TX1762,V6101,U1714,ORD1762,23-05-2025 00:21,credit_card,9.15
TX1763,V6108,U1716,ORD1763,02-05-2025 18:26,COD,70.6
TX1764,V6110,U1716,ORD1764,20-05-2025 06:21,wallet,3.85
TX1765,V6113,U1716,ORD1765,13-05-2025 05:12,COD,90.28
TX1766,V6114,U1716,ORD1766,24-04-2025 06:51,wallet,64.11
TX1767,V6118,U1717,ORD1767,28-04-2025 11:55,COD,1.62
TX1768,V6120,U1717,ORD1768,28-03-2025 15:13,wallet,83.06
TX1769,V6124,U1717,ORD1769,19-05-2025 11:34,credit_card,410.08
TX1770,V6147,U1721,ORD1770,16-03-2025 06:47,wallet,23.23
TX1771,V6148,U1721,ORD1771,04-05-2025 00:26,COD,16.4
TX1772,V6149,U1721,ORD1772,26-04-2025 11:13,wallet,5.56
TX1773,V6151,U1721,ORD1773,24-05-2025 14:49,paypal,229.73
TX1774,V6199,U1731,ORD1774,27-04-2025 01:00,paypal,48.95
TX1775,V6200,U1731,ORD1775,22-03-2025 07:24,COD,46.65
TX1776,V6205,U1731,ORD1776,16-03-2025 23:41,wallet,77.13
TX1777,V6215,U1734,ORD1777,16-05-2025 13:26,credit_card,123.02
TX1778,V6216,U1734,ORD1778,26-04-2025 06:13,paypal,401.27
TX1779,V6217,U1734,ORD1779,24-05-2025 19:24,wallet,7.66
TX1780,V6218,U1734,ORD1780,03-04-2025 02:54,COD,85.72
TX1781,V6221,U1734,ORD1781,04-05-2025 00:30,paypal,101.31
TX1782,V6222,U1734,ORD1782,20-04-2025 00:10,wallet,89.09
TX1783,V6223,U1734,ORD1783,21-05-2025 15:38,paypal,16.84
TX1784,V6224,U1734,ORD1784,26-04-2025 02:03,COD,118.36
TX1785,V6225,U1734,ORD1785,17-04-2025 19:52,credit_card,294
TX1786,V6226,U1734,ORD1786,05-04-2025 15:27,wallet,208.69
TX1787,V6227,U1734,ORD1787,30-04-2025 02:09,credit_card,109.88
TX1788,V6242,U1737,ORD1788,30-03-2025 23:30,COD,14.48
TX1789,V6243,U1737,ORD1789,20-05-2025 18:43,credit_card,110.27
TX1790,V6244,U1737,ORD1790,09-04-2025 06:45,wallet,162.29
TX1791,V6262,U1740,ORD1791,20-03-2025 23:13,paypal,417.96
TX1792,V6264,U1740,ORD1792,07-03-2025 22:23,wallet,159.32
TX1793,V6268,U1741,ORD1793,13-05-2025 20:44,credit_card,63.02
TX1794,V6271,U1741,ORD1794,19-04-2025 17:04,credit_card,43.41
TX1795,V6321,U1749,ORD1795,04-03-2025 08:42,wallet,86.9
TX1796,V6322,U1749,ORD1796,10-05-2025 07:19,wallet,187.01
TX1797,V6340,U1753,ORD1797,29-05-2025 22:20,COD,76.76
TX1798,V6344,U1753,ORD1798,23-04-2025 16:52,credit_card,18.14
TX1799,V6345,U1753,ORD1799,25-05-2025 09:50,paypal,370.96
TX1800,V6347,U1753,ORD1800,27-05-2025 22:47,wallet,58.58
TX1801,V6348,U1753,ORD1801,02-04-2025 09:59,credit_card,239.67
TX1802,V6385,U1761,ORD1802,14-05-2025 07:54,paypal,133.08
TX1803,V6398,U1764,ORD1803,17-05-2025 08:37,paypal,89.18
TX1804,V6399,U1764,ORD1804,30-05-2025 08:43,COD,47.56
TX1805,V6400,U1764,ORD1805,14-05-2025 05:13,COD,34.97
TX1806,V6401,U1764,ORD1806,18-05-2025 21:22,credit_card,1126.13
TX1807,V6402,U1764,ORD1807,24-04-2025 03:16,wallet,186.88
TX1808,V6404,U1764,ORD1808,06-05-2025 20:47,COD,41.16
TX1809,V6416,U1767,ORD1809,06-05-2025 09:34,COD,172.99
TX1810,V6417,U1767,ORD1810,27-03-2025 16:22,paypal,331.32
TX1811,V6418,U1767,ORD1811,26-03-2025 22:23,credit_card,21.74
TX1812,V6419,U1767,ORD1812,24-04-2025 01:49,paypal,19.81
TX1813,V6422,U1767,ORD1813,30-04-2025 14:19,paypal,18.5
TX1814,V6423,U1767,ORD1814,07-04-2025 02:48,COD,1057.06
TX1815,V6424,U1767,ORD1815,05-05-2025 12:07,wallet,42.24
TX1816,V6426,U1767,ORD1816,19-05-2025 02:02,credit_card,133.42
TX1817,V6522,U1783,ORD1817,18-05-2025 03:49,COD,458.52
TX1818,V6552,U1787,ORD1818,16-05-2025 08:23,paypal,158.27
TX1819,V6553,U1787,ORD1819,27-05-2025 19:51,credit_card,64.73
TX1820,V6555,U1787,ORD1820,02-03-2025 16:08,COD,112.08
TX1821,V6560,U1787,ORD1821,13-05-2025 10:58,wallet,63.63
TX1822,V6575,U1789,ORD1822,22-05-2025 00:43,wallet,596.63
TX1823,V6578,U1789,ORD1823,13-03-2025 10:07,wallet,287.2
TX1824,V6626,U1796,ORD1824,17-03-2025 18:32,wallet,67.05
TX1825,V6627,U1797,ORD1825,30-05-2025 01:22,wallet,139.03
TX1826,V6629,U1797,ORD1826,12-03-2025 17:16,paypal,15.43
TX1827,V6632,U1798,ORD1827,11-03-2025 00:38,credit_card,782.89
TX1828,V6633,U1798,ORD1828,24-04-2025 04:38,credit_card,69.5
TX1829,V6636,U1798,ORD1829,29-04-2025 09:21,paypal,11.74
TX1830,V6639,U1798,ORD1830,18-05-2025 12:47,COD,228.65
TX1831,V6641,U1798,ORD1831,22-05-2025 09:52,credit_card,410.23
TX1832,V6644,U1799,ORD1832,27-04-2025 00:54,COD,18.87
TX1833,V6645,U1799,ORD1833,11-05-2025 06:53,credit_card,895.1
TX1834,V6647,U1799,ORD1834,21-05-2025 19:27,COD,80.34
TX1835,V6649,U1800,ORD1835,13-03-2025 05:25,wallet,190.82
TX1836,V6650,U1800,ORD1836,09-05-2025 19:51,COD,132.44
TX1837,V6652,U1800,ORD1837,13-04-2025 20:32,paypal,62.07
TX1838,V6653,U1800,ORD1838,12-04-2025 01:15,credit_card,117.84
TX1839,V6655,U1800,ORD1839,24-05-2025 10:26,paypal,124.09
TX1840,V6664,U1802,ORD1840,28-03-2025 12:22,paypal,13.05
TX1841,V6716,U1810,ORD1841,13-03-2025 01:50,wallet,14.8
TX1842,V6718,U1810,ORD1842,15-05-2025 16:06,COD,32.65
TX1843,V6721,U1811,ORD1843,06-05-2025 04:32,COD,203.9
TX1844,V6726,U1811,ORD1844,07-05-2025 18:03,paypal,958.49
TX1845,V6760,U1816,ORD1845,11-05-2025 00:54,paypal,202.9
TX1846,V6761,U1816,ORD1846,19-05-2025 13:45,paypal,75.8
TX1847,V6762,U1816,ORD1847,11-03-2025 03:18,COD,394.77
TX1848,V6764,U1816,ORD1848,29-05-2025 23:38,credit_card,166.21
TX1849,V6806,U1822,ORD1849,29-05-2025 06:21,paypal,228.35
TX1850,V6807,U1822,ORD1850,12-03-2025 02:39,paypal,50.73
TX1851,V6808,U1822,ORD1851,28-04-2025 06:35,wallet,48.69
TX1852,V6809,U1822,ORD1852,09-04-2025 22:23,paypal,95.39
TX1853,V6810,U1822,ORD1853,20-05-2025 18:28,credit_card,276.99
TX1854,V6811,U1822,ORD1854,24-05-2025 07:19,wallet,178.8
TX1855,V6813,U1823,ORD1855,12-04-2025 16:40,paypal,84.66
TX1856,V6814,U1823,ORD1856,13-05-2025 17:26,COD,15.28
TX1857,V6815,U1824,ORD1857,31-03-2025 06:04,credit_card,71.99
TX1858,V6817,U1824,ORD1858,11-03-2025 04:16,wallet,61.16
TX1859,V6818,U1824,ORD1859,03-05-2025 21:42,credit_card,10.94
TX1860,V6830,U1826,ORD1860,06-04-2025 18:32,paypal,104.05
TX1861,V6832,U1826,ORD1861,13-03-2025 06:22,paypal,1155.16
TX1862,V6835,U1826,ORD1862,15-05-2025 06:02,credit_card,181.26
TX1863,V6837,U1826,ORD1863,17-04-2025 22:02,paypal,22.57
TX1864,V6839,U1826,ORD1864,01-04-2025 23:46,wallet,12.81
TX1865,V6842,U1827,ORD1865,12-03-2025 00:16,wallet,32.52
TX1866,V6843,U1827,ORD1866,17-03-2025 12:23,credit_card,53.56
TX1867,V6844,U1827,ORD1867,24-05-2025 17:11,wallet,19.99
TX1868,V6845,U1827,ORD1868,18-04-2025 19:20,credit_card,202.98
TX1869,V6847,U1827,ORD1869,15-03-2025 23:19,wallet,58.91
TX1870,V6852,U1829,ORD1870,23-03-2025 17:36,credit_card,148.64
TX1871,V6853,U1829,ORD1871,15-05-2025 03:11,COD,7.84
TX1872,V6854,U1829,ORD1872,26-03-2025 12:15,credit_card,1.03
TX1873,V6855,U1829,ORD1873,01-04-2025 01:44,paypal,211.31
TX1874,V6856,U1829,ORD1874,04-04-2025 02:17,credit_card,16.69
TX1875,V6859,U1829,ORD1875,25-04-2025 06:16,wallet,55.05
TX1876,V6860,U1829,ORD1876,11-04-2025 04:17,paypal,641.09
TX1877,V6901,U1836,ORD1877,30-04-2025 00:43,wallet,163.4
TX1878,V6903,U1836,ORD1878,22-04-2025 08:14,COD,63.69
TX1879,V6907,U1836,ORD1879,30-05-2025 05:15,paypal,0.44
TX1880,V6908,U1836,ORD1880,11-05-2025 12:01,paypal,58.6
TX1881,V6910,U1837,ORD1881,18-03-2025 10:42,wallet,567.05
TX1882,V6911,U1837,ORD1882,09-05-2025 15:15,COD,145.35
TX1883,V6913,U1837,ORD1883,01-04-2025 05:16,wallet,12.25
TX1884,V6914,U1837,ORD1884,18-03-2025 10:37,paypal,78.36
TX1885,V6953,U1845,ORD1885,26-05-2025 01:21,COD,39.4
TX1886,V6954,U1845,ORD1886,05-05-2025 19:42,wallet,38.81
TX1887,V6955,U1845,ORD1887,16-04-2025 14:07,COD,34.23
TX1888,V6956,U1845,ORD1888,18-03-2025 20:41,COD,142.07
TX1889,V6957,U1845,ORD1889,17-05-2025 20:22,wallet,26.87
TX1890,V6958,U1845,ORD1890,23-03-2025 11:20,COD,204.59
TX1891,V6975,U1849,ORD1891,16-04-2025 12:36,wallet,215.84
TX1892,V6977,U1849,ORD1892,21-04-2025 12:18,wallet,424.74
TX1893,V6978,U1849,ORD1893,23-04-2025 08:35,paypal,730.38
TX1894,V6980,U1849,ORD1894,22-05-2025 13:26,COD,71.54
TX1895,V6981,U1849,ORD1895,17-03-2025 19:04,wallet,979.43
TX1896,V7054,U1859,ORD1896,03-03-2025 13:01,COD,464.93
TX1897,V7094,U1865,ORD1897,14-05-2025 03:13,wallet,250.71
TX1898,V7096,U1866,ORD1898,07-03-2025 08:16,credit_card,48.46
TX1899,V7098,U1866,ORD1899,19-03-2025 12:46,COD,95.91
TX1900,V7101,U1866,ORD1900,24-03-2025 15:31,paypal,10.44
TX1901,V7103,U1866,ORD1901,26-05-2025 12:51,paypal,21.12
TX1902,V7104,U1866,ORD1902,19-03-2025 02:42,paypal,164.85
TX1903,V7106,U1867,ORD1903,13-04-2025 01:20,credit_card,37.97
TX1904,V7107,U1867,ORD1904,11-03-2025 11:20,COD,131.02
TX1905,V7108,U1867,ORD1905,05-04-2025 07:34,wallet,354.67
TX1906,V7109,U1867,ORD1906,05-04-2025 17:16,COD,35.83
TX1907,V7112,U1868,ORD1907,22-05-2025 12:52,paypal,98.58
TX1908,V7113,U1868,ORD1908,07-05-2025 15:55,paypal,15.88
TX1909,V7116,U1868,ORD1909,08-04-2025 23:42,wallet,24.09
TX1910,V7182,U1879,ORD1910,16-05-2025 17:29,paypal,53.02
TX1911,V7183,U1879,ORD1911,09-03-2025 23:38,COD,14.73
TX1912,V7185,U1879,ORD1912,14-03-2025 19:37,paypal,57.18
TX1913,V7214,U1883,ORD1913,09-04-2025 15:47,wallet,9.32
TX1914,V7215,U1883,ORD1914,03-04-2025 07:13,wallet,200.75
TX1915,V7216,U1883,ORD1915,29-03-2025 08:53,paypal,550.68
TX1916,V7217,U1883,ORD1916,06-05-2025 15:16,paypal,38.64
TX1917,V7219,U1884,ORD1917,29-04-2025 10:58,credit_card,81.91
TX1918,V7220,U1884,ORD1918,22-04-2025 11:34,wallet,83.94
TX1919,V7222,U1884,ORD1919,06-05-2025 10:55,COD,42.17
TX1920,V7223,U1884,ORD1920,27-04-2025 08:28,wallet,172.84
TX1921,V7225,U1884,ORD1921,30-04-2025 02:57,COD,113.29
TX1922,V7227,U1884,ORD1922,06-04-2025 03:08,wallet,66.92
TX1923,V7281,U1892,ORD1923,28-04-2025 09:09,credit_card,322.3
TX1924,V7282,U1893,ORD1924,20-03-2025 20:28,COD,21.34
TX1925,V7283,U1893,ORD1925,19-05-2025 21:02,wallet,5.6
TX1926,V7287,U1893,ORD1926,28-03-2025 12:26,wallet,211.07
TX1927,V7288,U1893,ORD1927,12-03-2025 22:14,wallet,406.81
TX1928,V7289,U1894,ORD1928,18-04-2025 22:54,wallet,7.97
TX1929,V7291,U1894,ORD1929,28-05-2025 07:54,wallet,67.25
TX1930,V7292,U1894,ORD1930,08-05-2025 15:23,credit_card,211.74
TX1931,V7300,U1896,ORD1931,03-03-2025 21:49,credit_card,104.72
TX1932,V7301,U1896,ORD1932,02-04-2025 20:26,paypal,161.73
TX1933,V7307,U1896,ORD1933,25-03-2025 18:20,paypal,128.14
TX1934,V7308,U1896,ORD1934,09-03-2025 20:50,wallet,80.66
TX1935,V7330,U1899,ORD1935,03-05-2025 07:42,paypal,33.64
TX1936,V7331,U1899,ORD1936,30-03-2025 09:40,paypal,233.55
TX1937,V7332,U1899,ORD1937,09-04-2025 22:47,wallet,182.05
TX1938,V7333,U1899,ORD1938,20-03-2025 05:35,credit_card,72.66
TX1939,V7334,U1900,ORD1939,14-05-2025 05:05,COD,25.79
TX1940,V7335,U1900,ORD1940,11-05-2025 01:26,wallet,461.4
TX1941,V7338,U1901,ORD1941,29-05-2025 19:55,credit_card,249.11
TX1942,V7343,U1902,ORD1942,22-04-2025 22:19,wallet,63.74
TX1943,V7349,U1902,ORD1943,31-05-2025 20:49,credit_card,66.52
TX1944,V7362,U1904,ORD1944,28-03-2025 23:15,credit_card,185.94
TX1945,V7363,U1904,ORD1945,15-04-2025 07:33,credit_card,79.63
TX1946,V7364,U1904,ORD1946,17-05-2025 16:26,paypal,124.1
TX1947,V7365,U1904,ORD1947,02-04-2025 09:21,wallet,30.8
TX1948,V7386,U1907,ORD1948,05-05-2025 20:10,wallet,81.59
TX1949,V7425,U1914,ORD1949,01-05-2025 19:38,credit_card,12.13
TX1950,V7426,U1914,ORD1950,04-05-2025 16:46,credit_card,26.42
TX1951,V7427,U1914,ORD1951,08-05-2025 06:27,COD,49.34
TX1952,V7429,U1914,ORD1952,02-04-2025 14:28,paypal,687.12
TX1953,V7437,U1916,ORD1953,31-05-2025 08:52,paypal,458.1
TX1954,V7440,U1917,ORD1954,23-04-2025 15:12,paypal,60.03
TX1955,V7441,U1917,ORD1955,03-04-2025 12:24,credit_card,31.45
TX1956,V7442,U1918,ORD1956,15-04-2025 17:14,wallet,8.98
TX1957,V7443,U1918,ORD1957,19-03-2025 00:25,credit_card,102.84
TX1958,V7445,U1918,ORD1958,07-04-2025 20:16,credit_card,204.56
TX1959,V7470,U1922,ORD1959,19-03-2025 10:16,paypal,159.89
TX1960,V7472,U1922,ORD1960,30-05-2025 10:59,COD,17.16
TX1961,V7473,U1922,ORD1961,02-04-2025 17:00,wallet,24.25
TX1962,V7474,U1922,ORD1962,30-03-2025 02:41,COD,23.43
TX1963,V7475,U1922,ORD1963,27-05-2025 14:12,credit_card,59.43
TX1964,V7477,U1922,ORD1964,15-04-2025 05:37,credit_card,150.61
TX1965,V7483,U1924,ORD1965,12-03-2025 09:00,COD,50.2
TX1966,V7484,U1924,ORD1966,29-04-2025 17:26,credit_card,110.43
TX1967,V7486,U1925,ORD1967,30-05-2025 16:07,credit_card,78.45
TX1968,V7487,U1925,ORD1968,17-03-2025 16:07,COD,52.78
TX1969,V7488,U1925,ORD1969,16-04-2025 04:01,paypal,175.22
TX1970,V7491,U1925,ORD1970,07-05-2025 07:13,wallet,69.8
TX1971,V7492,U1925,ORD1971,09-04-2025 11:51,wallet,116.86
TX1972,V7553,U1935,ORD1972,14-03-2025 08:33,wallet,129.4
TX1973,V7555,U1936,ORD1973,24-05-2025 13:57,credit_card,195.98
TX1974,V7558,U1936,ORD1974,23-05-2025 03:47,paypal,110.68
TX1975,V7570,U1938,ORD1975,19-04-2025 12:38,paypal,98.5
TX1976,V7571,U1938,ORD1976,21-04-2025 00:27,wallet,80.52
TX1977,V7572,U1938,ORD1977,07-04-2025 03:45,COD,186.81
TX1978,V7574,U1938,ORD1978,04-05-2025 07:49,COD,79.96
TX1979,V7584,U1941,ORD1979,30-04-2025 10:14,paypal,72.29
TX1980,V7585,U1941,ORD1980,10-05-2025 23:08,paypal,206.79
TX1981,V7589,U1942,ORD1981,26-04-2025 17:49,paypal,30.82
TX1982,V7590,U1942,ORD1982,02-05-2025 16:07,paypal,294.1
TX1983,V7591,U1942,ORD1983,03-03-2025 05:25,credit_card,42.31
TX1984,V7593,U1942,ORD1984,21-05-2025 08:10,credit_card,131.59
TX1985,V7597,U1942,ORD1985,06-04-2025 21:09,COD,418.74
TX1986,V7623,U1946,ORD1986,14-03-2025 18:51,credit_card,201.43
TX1987,V7625,U1946,ORD1987,21-03-2025 08:03,credit_card,8.25
TX1988,V7628,U1947,ORD1988,18-04-2025 08:08,paypal,451.79
TX1989,V7633,U1948,ORD1989,08-03-2025 22:13,wallet,231
TX1990,V7635,U1948,ORD1990,13-04-2025 01:41,paypal,141.15
TX1991,V7636,U1948,ORD1991,16-04-2025 08:14,COD,172.7
TX1992,V7638,U1948,ORD1992,27-04-2025 13:20,wallet,359.15
TX1993,V7640,U1948,ORD1993,30-03-2025 23:57,paypal,16.22
TX1994,V7652,U1950,ORD1994,29-04-2025 04:15,COD,14.72
TX1995,V7653,U1950,ORD1995,18-04-2025 20:51,wallet,77.07
TX1996,V7656,U1950,ORD1996,21-04-2025 07:10,credit_card,680.08
TX1997,V7657,U1950,ORD1997,03-05-2025 13:36,credit_card,121.79
TX1998,V7658,U1950,ORD1998,27-03-2025 02:37,credit_card,231.68
TX1999,V7726,U1959,ORD1999,02-04-2025 13:54,credit_card,753.35
TX2000,V7728,U1959,ORD2000,21-03-2025 07:45,wallet,118.04
TX2001,V7729,U1959,ORD2001,22-03-2025 00:56,wallet,435.46
TX2002,V7733,U1959,ORD2002,24-03-2025 19:33,wallet,50.06
TX2003,V7754,U1963,ORD2003,11-05-2025 13:43,paypal,786.95
TX2004,V7757,U1963,ORD2004,27-04-2025 21:21,wallet,76.55
TX2005,V7814,U1973,ORD2005,15-04-2025 02:34,COD,243.82
TX2006,V7816,U1973,ORD2006,17-03-2025 16:39,wallet,123.81
TX2007,V7817,U1973,ORD2007,03-04-2025 23:57,wallet,80.21
TX2008,V7818,U1973,ORD2008,20-03-2025 10:19,paypal,25.38
TX2009,V7822,U1974,ORD2009,11-05-2025 23:03,COD,216.75
TX2010,V7823,U1974,ORD2010,13-04-2025 00:33,wallet,63.76
TX2011,V7826,U1974,ORD2011,01-03-2025 16:48,credit_card,10.53
TX2012,V7827,U1975,ORD2012,22-05-2025 07:53,credit_card,150.14
TX2013,V7830,U1975,ORD2013,13-04-2025 04:19,COD,90.2
TX2014,V7844,U1977,ORD2014,21-03-2025 11:21,COD,165.58
TX2015,V7845,U1977,ORD2015,18-03-2025 19:07,credit_card,78.48
TX2016,V7846,U1977,ORD2016,04-03-2025 02:06,paypal,62.87
TX2017,V7847,U1978,ORD2017,29-04-2025 05:34,credit_card,121.49
TX2018,V7850,U1978,ORD2018,22-04-2025 14:28,paypal,19.77
TX2019,V7851,U1978,ORD2019,08-03-2025 12:24,wallet,3.58
TX2020,V7853,U1978,ORD2020,30-05-2025 22:28,COD,101.3
TX2021,V7855,U1978,ORD2021,21-03-2025 18:59,credit_card,235.92
TX2022,V7857,U1978,ORD2022,28-03-2025 14:39,wallet,27.28
TX2023,V7858,U1978,ORD2023,31-05-2025 07:44,paypal,33.74
TX2024,V7918,U1986,ORD2024,05-05-2025 10:07,COD,433.19
TX2025,V7919,U1986,ORD2025,06-04-2025 21:07,credit_card,239.53
TX2026,V7922,U1986,ORD2026,19-03-2025 17:46,credit_card,111.12
TX2027,V7924,U1986,ORD2027,15-03-2025 22:44,credit_card,25.81
TX2028,V7932,U1989,ORD2028,09-04-2025 06:34,credit_card,281.95
TX2029,V7933,U1989,ORD2029,06-04-2025 17:34,COD,424.77
TX2030,V7945,U1991,ORD2030,11-05-2025 20:35,COD,176.82
TX2031,V7949,U1991,ORD2031,23-03-2025 09:55,paypal,19.9
TX2032,V7950,U1991,ORD2032,12-04-2025 07:23,wallet,123.71
TX2033,V7951,U1991,ORD2033,12-03-2025 23:56,credit_card,52.58
TX2034,V7952,U1991,ORD2034,16-04-2025 13:12,wallet,240.93
TX2035,V7970,U1994,ORD2035,22-03-2025 09:01,wallet,193.89
TX2036,V7971,U1994,ORD2036,14-03-2025 09:28,credit_card,11.13
TX2037,V7977,U1995,ORD2037,30-04-2025 01:05,wallet,22.68
TX2038,V7979,U1995,ORD2038,26-03-2025 04:06,COD,141.91
TX2039,V7980,U1995,ORD2039,11-05-2025 23:05,COD,15.79
TX2040,V7997,U1998,ORD2040,19-03-2025 00:29,credit_card,43.81
TX2041,V7998,U1998,ORD2041,15-03-2025 20:06,credit_card,903.51
TX2042,V8001,U1998,ORD2042,17-03-2025 20:13,paypal,83.53
TX2043,V8003,U1998,ORD2043,26-04-2025 12:03,COD,1051.61
TX2044,V8004,U1998,ORD2044,17-04-2025 06:26,credit_card,182.5
TX2045,V8005,U1998,ORD2045,05-04-2025 03:20,wallet,114.23
